phone_number,price
0919659653,900
0978956292,500
0919392936,700
0893594239,500
0978295623,900
0978232265,900
0919369915,1600
0978236539,1100
0919196665,2000
0876651965,3800
0893922423,500
0626245655,6500
0919429235,700
0838791515,3600
0919369465,3200
0893635614,1800
0956156654,1800
0919423245,900
0978796953,1900
0919364959,2000
0619953565,2200
0647893624,15000
0974289988,2100
0978296623,700
0974961497,350
0826366246,1500
0826396515,22500
0919593559,3600
0829296416,300
0919156965,4000
0919599998,5900
0836245956,4200
0815396159,3200
0864169662,200
0967897898,30000
0893639642,1900
0893639641,1500
0809423282,400
0961599391,700
0893656987,1700
0642395664,2500
0978966541,1700
0919364465,2500
0943536414,500
0967899899,23000
0893924498,350
0654239556,7100
0919195695,2400
0978239936,900
0919365563,900
0974961994,350
0919639922,400
0942635159,11000
0978291622,600
0946639365,9300
0964454655,2200
0978232495,1600
0949595565,3200
0945395595,1600
0893924923,350
0893636959,3000
0978915422,500
0965635915,3900
0919422915,1000
0628294699,1400
0893924298,350
0978914262,900
0919692359,800
0893699519,2200
0954646445,2300
0948236265,2700
0978292293,700
0972891594,3500
0978914998,600
0919365426,1500
0815935159,3000
0978792692,1200
0893995556,4000
0963514915,1800
0978235924,900
0893636954,3300
0952946324,600
0947878995,9500
0978293226,400
0827897889,13600
0978235495,1600
0974961516,350
0978299787,1600
0919155639,1400
0919423642,400
0634651635,1300
0893653935,2500
0978294929,700
0962895356,40200
0898799969,1300
0893556965,2600
0816916356,3900
0893595359,3100
0978292963,900
0893923698,200
0978919297,500
0944692451,4600
06442399654,8500
0942642326,800
0841979462,200
0919594915,1400
0633632645,2800
0978796662,1000
0927894263,30000
0955391519,1800
0893635595,1700
0967898987,4900
0978294597,700
0893664236,1000
0919653236,800
0983929223,300
0978791516,2100
0855363245,2600
0893639539,2500
0946699696 ,6700
0825942665,1700
0978299396,600
0978299896,600
0893653987,1400
0893929196,200
0978291632,600
0893639935,2600
0906565651,2400
0893665956,3000
0976365559,1600
0978292329,600
0893639564,3000
0978235545,1000
0893935654,1400
0978965159,8300
0893514595,1800
0996366945,4100
0825645459,1300
0978962695,1100
0978794194,1200
0978966355,1100
0919194665,2800
0893639699,1000
0982463965,37100
0919156665,2000
0963264595,2700
0849915454,1200
0978794694,2300
0978299897,900
0826656356,2800
0855395915,2900
0974645456,4300
0932894559,13000
0839899424,800
0941595465,5300
0634195199,700
0978293669,1000
0946353956,6900
0893566245,1800
0969896545,3300
0893654946,1500
0978299223,500
0627897829,4700
0978282822,2900
0978239599,1100
0809395663,500
0893922936,400
0948944451,800
0919265565,1700
0893922697,300
0978916261,700
0938999999,920000
0978294199,1200
0992362895,19500
0893556495,1600
0978798964,2400
0823965691,500
0978235455,900
0978296614,800
0978299628,700
0978294698,600
0978236644,900
0893651551,1900
0978299616,700
0893935556,1900
0978796499,1600
0978916982,700
0893659936,1700
0893993665,1900
0978292492,300
0647893249,6300
0627826495,3600
0978919616,700
0949826536,1900
0628292936,1200
0893654963,1500
0954636424,2200
0978235936,1000
0919355145,2000
0655623946,300
0977879797,1700
0978966915,1600
0816393554,5000
0893639544,2000
0825596954,500
0627892895,31000
0919363655,2000
0946461494,900
0952656155,1800
0893632915,3600
0919656639,1500
0839365515,1700
0634646265,2600
0893659249,2400
0978239651,2200
0982464556,6200
0832639655,3900
0893691465,8600
0978299461,700
0974289998,3500
0978797778,1500
0974159898,1200
0978239879,1300
0618926592,400
0978792414,3500
0893665495,2300
0893635195,4100
0957894569,20000
0628936595,3000
0947878989 ,16500
0893564645,4000
0978956995,1800
0974961426,200
0893999936,4000
0633519415,1200
0978294628,700
0919697899,2600
0893936956,1400
0994249163,1100
0978292998,900
0893596645,2400
0893926596,400
0893924698,500
0978292649,800
0635456365,12000
0978919629,900
0978916616,300
0978295162,900
0978919928,900
0905422456,1900
0978299828,1000
0893639669,1300
0978915153,900
0954651463,2400
0978916198,700
0826635599,3000
0978294491,1000
0893654945,1600
0893924997,350
0893636951,3200
0893639542,2800
0919265636,1400
0893653239,700
0893922924,500
0968299554,1200
0978959545,2600
0919265145,3000
0978296936,1100
0886466366,1100
0927896363,60000
0919196415,2200
0978236615,1200
0918959995,1400
0621561456,2400
0974961597,350
0829646156,1800
0946397892,3000
0978239459,2200
0893922491,300
0919324165,1400
0893924269,300
0946244145,2800
0804848884,2400
0978293598,1000
0893562915,2000
0842492495,3200
0978294922,300
0992693645,6000
0616926595,1200
0978239454,900
0893519415,2500
0978296597,700
0893546295,2800
0893669156,3000
0893922328,300
0957879329,1400
0978914661,700
0841465636,1100
0919653665,3500
0944155465,5700
0978299163,1000
0919269965,2200
0978239564,1400
0978297959,1700
0893553289,1400
0893639599,2500
0992235441,600
0974961539,500
0639235456,3200
0919395654,2000
0978236235,600
0827929987,200
0893659924,3300
0978298996,600
0956562942,1700
0978296928,1100
0929878887,2100
0978916163,800
0967896456,35000
0893639239,800
0893664965,2700
0839246515,1900
0919593242,500
0978296459,4200
0974961495,300
0945556454 ,1900
0919153642,2000
0632899551,5300
0978916292,300
0978906565,300
0978789499,2000
0978296463,2400
0978295265,400
0628789824,5200
0957879554,1500
0944799245,500
0978956236,1500
0978794629,1200
0978915598,900
0973988889,2300
0905326456,1200
0967826959,2300
0919497888,2300
0978792299,1500
0823626356,3700
0893655939,800
0842497878,1600
0963245656,18100
0893516459,1200
0832644654,2000
0827892495,9700
0978914469,400
0815456356,4500
0839363599,2000
0978915393,1100
0976599998,1500
0893929661,300
0978239954,1800
0978916232,500
0978919979,1000
0893699542,2400
0645969265,2700
0893635989,1300
0975699595 ,3100
0893929428,350
0919593915,2100
0978916149,1300
0968788899,4100
0893655987,1100
0919654654,1200
0629299945,3900
0994614656,3700
0893655619,1300
0893696245,3100
0944298965,12000
0978916397,1000
0893633365,300
0893669236,600
0824782639,1500
0974961635,600
0978296994,1200
0893922469,300
0893935595,1500
0919423624,600
0627894635,12600
0893596245,2500
 0816629665,1600
0919154165,3300
0893636964,1300
0978232415,4000
0919354224,500
0978239951,800
0893659644,1700
0978291926,400
0634649656,3000
0893635164,1400
0815953659,5000
0978799799,3900
0978789464,2300
0641426495,4500
0919593565,3300
0893639353,1000
0642354965,5400
0978235542,1000
0978916298,700
0627892444,5000
0893923297,300
0893651666,1100
0919651915,2900
0978236451,1700
0919359356,3000
0952897893,8500
0637916959,100
0978293628,1000
0614151451,2600
0893632495,2400
0978796641,1400
0893923962,400
0978299532,700
0974961995,300
0978297949,1000
0652232365,1000
0893922292,500
0893928224,350
0917892465,100000
0893595145,1800
0971563915,6000
0893541951,1400
0978956295,1700
0893639695,2800
0826326426,900
0893651464,2400
0919639554,4000
0992822456,4900
0978916916,900
0974961926,350
0978292979,700
0978239415,4900
0619832456,400
0978792249,1400
0919423915,2500
0978795693,2500
0978232945,2900
0919365941,1000
0893654146,2800
0919599992,2600
0967826514,2800
0829623635,1300
0893923997,300
0978298292,1400
0978289991,1800
0893655426,1400
0644694636,1100
0633646495,1500
0919599239,400
0978292697,700
0919596464,1500
0644465955,1900
0978953945,3900
0919266664,1300
0978955535,1200
0893566295,1300
0893655455,2000
0952826551,2200
0919591454,1500
0978919829,400
0974961423,350
0978915169,600
0919362242,500
0627895354,7400
0826426565,14000
0978953666,4900
0893639664,1600
0952395565,2200
0978299893,900
0978951995,2000
0893923697,400
0893632426,700
0978291653,1200
0802492654,2500
0946155156,3600
0839246565,5900
0828403333,6800
0893928794,700
0919328295,900
0893926198,200
0627878923,1900
0967892659,7400
0978959236,500
0893532956,1500
0945196564,1600
0646465415,10500
0978239542,900
0815965615,2600
0974961914,300
0978792235,1000
0974961626,350
0637914561,300
0838266236,700
0893929469,350
0978295153,1300
0644282663,1100
0978297978,1100
0637824656,8200
0978299823,700
0893924196,200
0978299979,1300
0893639655,2500
0919322654,700
0974289222,2500
0996394465,20400
0893636539,2100
0617899464,7900
0893929628,400
0893659655,3600
0978294669,300
0893639235,1200
0978294162,800
0893659998,1900
0893992245,600
0978293923,500
0835363951,2500
0978794299,3200
0919423639,900
0978914997,500
0978235514,800
0992366495,4500
0966359161,400
0963639795,1600
0837894651,12000
0994244159,4000
0646362356 ,4100
0978914428,600
0978916396,900
0978291693,700
0978919794,700
0978796493,1300
0993914464,600
0974422424,3200
0978793239,1800
0842691514,2000
0813955393,500
0824564695,5100
0893535559,1500
0919195651,3000
0893993956,1100
0893935459,1700
0978296997,300
0618796541,2200
0919194159,1300
0978919398,900
0893539659,1400
0617898795,12600
0934256659,400
0951596642,2200
0893632265,1200
0963632245,1700
0978797826,1800
0919656546,3200
0893639691,700
0893922696,500
0893662295,900
0646361535,1900
0978791953,2200
0919194645,1300
0919196559,2900
0893639264,1500
0893639514,3500
0946423654,5500
0855146351,2000
0974961989,300
0978291664,900
0633696395,6300
0893556459,3100
0645394645,4500
0646396965,9800
0978297897,2000
0984288978,200
0919599994,2400
0842895646,4500
0617896393,7000
0978299242,800
0893639663,1100
0936655465,3700
0978966351,3900
0978239451,3100
0978919299,1300
0978954615,2400
0625915915,2000
0893635154,4900
0919599556,2900
0893926532,300
0893651936,3500
0978232879,1100
0919355565,5000
0893632891,1400
0893936415,1400
0893999695,1300
0978792646,1800
0825396415,2800
0629789359,5400
0619898988,24600
0978299891,1300
0978236519,4400
0978294616,700
0919262356,1600
0896235555,25100
0954232454,2300
0919656544,1000
0646362356,4100
0978235955,800
0975546666 ,21000
0978299592,700
0893546359,1800
0978291496,700
0919195614,1300
0978295149,1200
0978299392,700
0978291561,1600
0978295328,600
0978291492,700
0978299498,700
0978235614,1000
0919656564,3200
0946932965,2600
0893696987,1100
0617893555,13500
0893566542,1300
0893542956,3700
0978919422,600
0974961445,400
0919363599,2100
0978236295,2200
0978791946,1600
0978916223,500
0978294953,1100
0919632891,1000
0825965564,1700
0855326462,500
0893656156,2600
0919364295,2000
0893635545,1400
0627897895,35900
0893923224,350
0893922397,500
0976365353,1200
0842465393,2200
0978239242,400
0644269242,1800
0627897828,4600
0990997895,4700
0958653665,200
0978298262,300
0978235945,1600
0893692888,1200
0893639941,1000
0839356954,1100
0893639951,2700
0893516495,1700
0893663654,2800
0893929492,350
0978792926,1800
0893922353,300
0919192945,1500
0978235595,1200
0886569459,2000
0978299796,400
0919495956,1300
0893656161,1200
0919423995,800
0919699993,2400
0966241456,6900
0893659399,1600
0919397888,1700
0919651595,4000
0978914419,1100
0619429456,6800
0978236546,2800
0978916144,600
0825295656,800
0978291562,600
0978919262,1100
0978789444,3900
0978964415,1200
0919154645,2800
0642645142,1600
0646364562,2800
0893935915,1500
0893639665,5100
0893632399,900
0974962296,350
0919422359,400
0863339988,2700
0893659953,1300
0978292616,400
0978895454,1300
0893639295,2900
0842695965,3600
0978298922,600
0893639653,1500
0893924169,400
0626451554,1100
0919656554,2300
0978916423,400
0978294239,800
0893651935,3400
0978293262,1000
0998623665,200
0893639954,4500
0978915163,1000
0802896566,2700
0978914641,1100
0978295996,700
0975656969,2500
0966395692,3100
0992915365,5700
0902326694,500
0893935495,1400
0993562654,1800
0978235951,1400
0978235954,1100
0978969459,1300
0946395499,4700
0919196354,1500
0978915322,400
0919655645,3200
0637896453,4700
0991919289,2500
0893659514,3900
0978291619,800
0919365493,1000
0978914297,700
0919193654,1800
0893656924,1900
0893995465,2100
0944695359,3900
0978235564,800
0963916656,3400
0815369556,2600
0919324956,2100
0978799164,1500
0858787989,5300
0978919823,700
0919192656,1500
0978951945,1900
0978955541,1000
0978299566,1400
0928878887,9900
0893653942,1800
0967898789,200000
0978791964,1400
0893636165,1800
0905329456,1000
0978297969,800
0893635495,2100
0974962395,800
0893655935,1700
0893566165,1600
0974961615,300
0978297998,900
0660909909,1300
0993626945,2200
0978294991,900
0616536354,2500
0893639196,500
0938245656,4700
0838792995,2300
0978919798,300
0985965451,1100
0893692245,1100
0949194539,700
0893632888,1000
0947829156,13900
0975499995,2500
0978296166,600
0962654659,4200
0977949365,800
0842429639,1100
0944649659 ,4200
0893699665,2500
0893636156,2200
0909193661,300
0974961542,500
0658796945,3500
0978799635,3800
0978799299,1300
0903294223,200
0966569456,8500
0978299266,1400
0919423542,500
0893999565,3800
0832636546,900
0978298992,900
0893653945,4000
0893514915,1800
0905325456,100
0919596515,5500
0893926449,500
0893594656,3600
0978799926,1300
0893692295,900
0978294296,600
0809193944,300
0978297822,1000
0919632942,500
0978899965,5000
0978796392,1800
0978299614,1100
0978291532,600
0889879526,300
0654289545,34500
0893635966,900
0617823949,2000
0978954915,1800
0919366663,2200
0893655594,1300
0919323559,400
0978919532,400
0978966545,3500
0978914628,700
0978919569,800
0893651659,3200
0893656235,1500
0978799964,1700
0615656664,2300
0893928798,1300
0893662956,2800
0978291629,900
0954196465,2300
0978299936,700
0978297995,1700
0978295966,800
0978299194,900
0978951695,1600
0978298916,1000
0893569145,2500
0978963515,1500
0919198245,1700
0978298935,1900
0978292246,800
0626459623,300
0978296593,1100
0978232455,1300
0838782465,8200
0978799992,3300
0978963599,1700
0978236651,1400
0648796455,1800
0978239624,700
0978232295,300
0825459159,2500
0978295416,1600
0629326956,2000
0978969415,1200
0978292922,600
0893639424,2000
0893659636,2900
0994264924,1600
0978299363,1400
0805191545,800
0893924944,350
0978235515,1400
0946632626,1100
0978235995,1400
0838282356,3200
0978793699,2000
0893659544,1300
0919654915,1700
0632898954,6800
0919695915,2800
0893922897,700
0632893995,6000
0919195356,1800
0919422415,900
0893635165,3700
0919365566,2000
0978961956,2800
0978296223,500
0814565451,4300
0978919662,600
0919264242,1000
0893659424,4500
0893692419,1900
0978291997,600
0919693295,700
0978964945,1400
0629794995,500
0978239355,2300
0893659541,2700
0936668868,1000
0634428987,1100
0978292469,900
0911642451,800
0893661956,2700
0978239935,600
0838942232,100
0922962424,3100
0978235635,1300
0978236145,2900
0978299597,1000
0974962354,500
0815417895,1000
0893926423,350
0978289514,3100
0893692365,9900
0855465356,2400
0919596551,2100
0994566195,7500
0978299226,700
0978295394,1700
0978799935,2500
0972465456,4600
0893928241,800
0893994695,1200
0826295151,2300
0978799464,2200
0978239151,1000
0855649951,1600
0893665159,2900
0919159645,1600
0827895635,8700
0992423695,3900
0893639546,3400
0978914198,800
0893554465,1600
0978954945,1900
0969364561,1300
0893639553,1200
0976767999,1400
0893659992,900
0838793561,2600
0978299829,2300
0949919239,400
0919193651,3000
0893653599,1700
0644569235 ,4500
0893594515,1500
0893563295,1500
0978239464,800
0966426656,7300
0942356459,5200
0961463959,2600
0978914162,700
0815399656,4300
0645141539,1600
0965635645,3400
0618296287,300
0886391562,2300
0815956945,3000
0919264965,2300
0978969935,1900
0994546442,1000
0978235464,700
0893636295,2800
0978799249,2100
0893536665,3100
0893639629,600
0919199465,2000
0893539995,1800
0893932965,1700
0893654446,1300
0919593246,800
0978297829,4600
0978292944,1100
0629464159,2500
0978235199,1200
0976365151,1300
0978299878,1200
0978295197,700
0949691664,900
0993289191,2500
0804656965,1900
0893929532,350
0919365989,2700
0978294623,700
0893922629,400
0919692395,900
0826391636,4500
0919364699,1900
0969365915,4000
0942353651,2300
0827894295,13600
0978915496,600
0919363914,1300
0893562965,2300
0974962264,350
0978239554,1100
0978956165,3200
0816914965,2200
0978792888,3600
0893656942,1700
0978236499,700
0893592265,700
0893926236,350
0824195165,4000
0919651956,6900
0892653535,1700
0976542888,1000
0893922693,500
0978915362,900
0978235935,1200
0637824465,4200
0893659656,3300
0893993339,3600
0919329659,1200
0893651942,1300
0817954665,1100
0919322295,700
0615525552 ,3300
0826395565,12000
0919363535,2100
0893922326,300
0978795324,1900
0978292994,1100
0974962353,350
0893635695,4900
0919265195,1800
0893632965,3300
0978959454,2800
0639364695,2300
0978295322,300
0919191665,1600
0919654554,1500
0919192956,1800
0893929697,350
0618996654,900
0962356645,3900
0993982895,4500
0893666459,2200
0944562365,9300
0849923956,1300
0803563224,500
0893691414,4100
0893632824,800
0978796151,2300
0634595629,800
0641456453,1900
0919355945,1900
0978914623,500
0963392455,200
0957899963,35000
0978299426,500
0978235546,700
0893999942,1500
0992456989,2800
0893661556,2600
0646542893,2200
0919351465,2900
0825292299,200
0827942635,400
0978914922,600
0978293662,400
0992329556,2200
0893635942,1000
0978953264,700
0902879295,1500
0893651539,2500
0978291996,600
0893922953,400
0919261495,1900
0978291449,1000
0919362235,600
0893569165,2400
0893922961,300
0978919699,1000
0893922966,400
0648798245,3000
0978293228,500
0978235399,700
0978916992,700
0978292429,800
0978294469,900
0962829295,2300
0978291963,1300
0978295693,1100
0919363545,2900
0627823546,1800
0919365554,1000
0919359915,2200
0978916428,900
0978293242,900
0978966663,3900
0919423946,500
0974242465,13500
0893636155,1400
0893514659,2500
0832429519,1900
0893659664,2000
0893651536,3200
0978919161,400
0978296532,700
0637919569,100
0949194599,2100
0893659351,2400
0826396651,6100
0957878996,2000
0978919396,400
0995159451,2400
0919364945,1100
0978919269,500
0994287824,3600
0825519959,1000
0978799953,1700
0893566959,1900
0919265965,2600
0893924928,350
0638242915,1800
0826423924,2000
0978794693,1700
0809929362,200
0893656624,1600
0893654966,1400
0635151465,8700
0978916153,900
0978792641,1600
0615525552,3300
0813232456,4700
0893654535,1700
0893562395,1500
0978295422,700
0978919623,500
0978916196,600
0893699556,2800
0978961545,1900
0893928226,350
0978792287,900
0919656541,2500
0978292363,500
0978294226,700
0893654666,2000
0949451939,1000
0893593945,1300
0804266399,900
0978235959,2100
0893515695,2400
0842366965,2500
0978794963,1600
0893541945,900
0893662879,900
0826369365,10600
0978296494,800
0978296697,700
0893922916,300
0919593665,2100
0827899945,5900
0962351993,500
0919632655,1200
0825699824,900
0893639364,1000
0859696395,6500
0919264495,800
0978292991,1000
0646451535,2200
0623241544,600
0978794441,1100
0613311331,5000
0893996656,1800
0893693595,2600
0942698795,9100
0978899993,2100
0946249945,2700
0978794464,1700
0978794266,1200
0893663366,2600
0978295662,700
0919263245,1600
0941596465,5100
0616966365,2500
0978292997,400
0978919962,900
0919656956,5100
0956593966,1100
0893999959,4400
0978292263,600
0978232645,1500
0893915959,1600
0978239965,2200
0978792946,1400
0886363646,1300
0634263651,4700
0893635944,1200
0893699545,1700
0992942956,4200
0978235699,1100
0919645454,2100
0978796394,1700
0978235639,1600
0893636324,1100
0952416146,300
0919594664,900
0978295355,900
0978239535,700
0641453295,2100
0935614156,3000
0619629295,700
0827935662,300
0842919363,600
0627892659,12800
0978796694,1400
0642399415,3600
0978915397,500
0919351945,1800
0893922963,500
0893566495,2100
0893555459,600
0976245454,1500
0827929423,200
0919261465,1800
0893659966,1200
0919632242,300
0816396635,3700
0992636453,1200
0919595639,2600
0978292823,600
0978298914,1300
0893669879,1800
0994263961,1600
0978295469,900
0893636945,2600
0642426639,3000
0919261415,1100
0893926592,500
0978294464,1100
0961422465,1900
0974961649,300
0626282656,2800
0893655953,800
0802423654,2000
0978294993,900
0886369519,2300
0919196495,1200
0893639451,4000
0978919322,300
0978294989,1300
0632893554,6800
0893639693,700
0959999999,4800000
0839879535,2400
0919324595,700
0978799962,1100
0826232495,2900
0842323322,1900
0893928229,350
0893559145,1400
0893663651,1800
0855415546,1200
0979164915,1100
0919365936,2500
0893651642,1700
0978239898,2100
0642615563,1200
0978235914,700
0815539429,800
0919159454,1400
0952419445,1500
0919429888,900
0919199245,1200
0978799699,1600
0947899787,12300
0946474656,900
0919365565,3000
0893699992,2000
0978239295,1200
0893639939,1700
0834789356,3200
0832329915,1900
0855632635,1700
0893699636,2000
0826623965,2200
0974961561,350
0978966595,3600
0893995459,1600
0652236292,300
0893593535,2000
0978297936,1000
0627894295,8800
0978293298,600
0978796615,1900
0978232459,2000
0893565595,2600
0893659199,3100
0978953235,900
0978291453,1400
0978296263,700
0893923561,500
0919656551,1100
0822392965,2200
0974961941,400
0830004477,300
0626395156,20000
0919266495,1700
0832419542,1000
0893639591,1100
0978792444,3600
0978795393,1400
0919363963,900
0816954536,1000
0978969545,1500
0978795926,2000
0961639246,1300
0978914493,700
0978236154,2000
0919199515,4200
0919632359,1200
0809624244,300
0978914229,600
0974961469,350
0645642322,100
0978792964,2200
0885696969,18800
0919591995,3200
0893564415,2800
0893922941,500
0978235499,1200
0945639539,1900
0978799615,1900
0893542665,1600
0893929462,350
0627896444,7500
0893922291,500
0946397994,1500
0978235544,800
0893639964,1000
0954623615,3600
0889536356,2700
0978792429,2200
0893924926,350
0919192965,2300
0919362645,2000
0893545915,1800
0978291466,900
0893635994,1100
0660500500,2000
0893535695,1700
0928241915,7100
0949145494,700
0974961592,350
0977922456,1600
0919596536,1300
0966364265,9900
0838782445,3600
0919262415,1700
0923293656,6200
0978293597,1000
0893636466,1100
0978299469,700
0978959235,600
0809826565,4200
0978792694,1700
0893639445,4000
0976542896,1000
0893562888,1100
0982396595,4200
0919656545,4100
0825639351,2800
0969369924,900
0826544289,5200
0893654951,4700
0893928296,350
0978236551,2000
0978926199,800
0978299361,1300
0893636544,1500
0629429245,1700
0893659993,800
0978236655,2400
0978795193,2300
0827935661,300
0919263942,1200
0924595999,6100
0893654551,2900
0919261595,1100
0919656536,2000
0962696616,400
0978235624,1200
0964462615,1200
0978292966,500
0966326654,2900
0978964224,1400
0978916997,600
0919699994,1700
0978953289,3900
0978239635,1000
0994462414,800
0826326195,4300
0626635156,2900
0978296192,800
0974961593,300
0893639265,8900
0893639245,4300
0948282415,3500
0931566395,2600
0893565495,2500
0919192665,1300
0804656359,3100
0887899362,8200
0978794293,1600
0978959645,1300
0948946154,800
0628791592,1100
0893655395,3100
0919365145,3000
0919151965,3800
0893653514,2200
0978795429,2500
0893659666,1800
0893651541,3500
0978292691,1200
0842395936,900
0919263954,2800
0928789888 ,10500
0919265395,2200
0978959459,2200
0964426651,3600
0978966959,1200
0948782615,3600
0893994665,2000
0838782654,7100
0915556465,10500
0982424239,1300
0962824265,9500
0893664224,1300
0978299161,900
0978794946,1500
0893692935,1300
0978236392,600
0974961532,350
0978298944,1000
0978291491,1400
0978799646,2100
0919659365,3500
0978239195,1300
0978294153,1300
0893592888,1600
0978292961,700
0893695445,1500
0974961632,350
0949878242,1100
0978799942,2400
0978299492,600
0996269659,2600
0842329639,800
0839363665,2500
0978295289,600
0893659241,1800
0978966514,1500
0893594695,1100
0893632295,1000
0627898249,5600
0936562463,4700
0919262888,1200
0919597879,2400
0825296699,300
0893666959,1700
0978916294,800
0815453959,1600
0978232499,800
0943596914,500
0893922944,400
0642987896,1700
0919632299,400
0974287878,2900
0917879915,3900
0978293569,1000
0829562965,1700
0826236262,800
0953569519,2400
0958989464,400
0656236456,8200
0893653295,2600
0919195645,1800
0635359654,1700
0919195945,1400
0647829354,7800
0919599536,2400
0977797878,1700
0893653299,1500
0978289982,1800
0967899956,65000
0893659142,1300
0835192359,1700
0893635416,1200
0893694998,600
0893598265,3200
0893542495,1700
0978232419,1500
0919364454,2100
0917899496,5100
0893659564,3800
0893636955,2700
0658289363,1700
0919653235,600
0893696663,1700
0989999999,6500000
0909165935,800
0978298226,700
0993239359,1300
0893655363,1400
0919263987,1200
0978796939,1100
0978236242,1000
0978293261,700
0893635415,5800
0925636654,2600
0893632245,1000
0978915923,700
0919296656,1900
0959362495,2600
0978962245,800
 0817737773,3500
0893635519,2000
0661463994,700
0978296326,800
0978232235,300
0978293536,1200
0658282964,1000
0919365915,4000
0919363645,3300
0814156599,2500
0919154154,1700
0634787896,300
0893635965,6600
0944969326,600
0978919496,700
0919353654,2100
0954453265,1800
0893929422,350
0978235141,1000
0978919649,1200
0978292826,800
0974961665,500
0978232824,600
0893654142,3900
0978788879,3700
0919365963,1500
0816936965,3100
0978963666,1300
0634659556,1700
0978796155,1700
0978792419,3500
0919355495,1800
0974926565,2800
0978963595,1900
0919596559,1700
0893695395,1700
0893632695,2100
0842899295,5600
0893566454,1600
0919596539,2000
0978298962,1000
0893636939,1200
0992828941,2500
0648795446,1400
0919598799,2300
0893929791,300
0978799146,1600
0919653556,1400
0919155595,2500
0978965514,1500
0978798946,1800
0893928297,350
0978915166,800
0919329365,2100
0978795949,1900
0893922926,350
0952696394,400
0949991655,1700
0893595559,1500
0919195615,2200
0978236391,1200
0919597956,2100
0978962359,800
0978951954,1800
0629236965,1900
0974289944,6300
0893922892,700
0893659224,800
0829695356,2600
0952429665,2600
0919353665,1600
0978796661,1000
0978239615,2600
0893669459,2500
0978914192,500
0978916561,800
0939162422,200
0978294261,1200
0893596464,2200
0919322899,600
0638236356,2600
0893929828,350
0978291461,800
0978294292,1000
0994614456,3200
0618289197,900
0893514165,1800
0976366636,3300
0919656559,4600
0978291423,500
0616239955,2000
0978914461,700
0948939236,600
0893545945,1500
0919364145,2700
0978292491,1200
0978919796,300
0893664956,4500
0893699639,1000
0893635936,1200
0893996665,2200
0978915969,600
0893924516,350
0893655699,2600
0978919263,800
0978293632,400
0919324455,1000
0893639619,800
0919154915,4900
0978292249,700
0919422356,900
0978919614,800
0919322955,400
0813559892,300
0893594945,1500
0978919896,500
0957878995,2300
0893635362,800
0628791644,1200
0974961598,200
0961639541,2200
0626615969,900
0978239442,500
0893651599,3700
0905459456,2300
0919595365,2800
0919359945,2000
0978742456,2500
0954654541,2700
0919266965,1600
0914559356,3600
0893564244,800
0978963654,1900
0893569245,3700
0978235636,1200
0893635191,1300
0919198965,1700
0919699992,2800
0644254545,600
0978236645,1400
0978292898,1200
0942926565,3900
0975955556,3600
0978299429,1600
0959323563,500
0893632626,1700
0974962291,300
0961565942,2000
0965352289,100
0919592879,2200
0952236561,400
0919264656,1800
0893656499,2600
0893639987,1400
0978962354,800
0824194959,2000
0978292498,500
0816923291,400
0893999935,2900
0893659546,2600
0893923597,200
0978292298,700
0978916322,500
0978236165,1100
0955459365,11000
0978953287,600
0893922649,400
0927894269,4000
0826644459 ,1200
0616395915,23000
0978239915,2700
0974961415,700
0919692295,700
0826945926,1200
0978299398,900
0978916323,800
0978965542,1500
0893922269,300
0826924915,1400
0952642635,1900
0919363245,2200
0893562495,3600
0978916361,500
0978293996,500
0893923294,200
0966595456,25000
0919593236,500
0978798794,2700
0978796287,1800
0893636514,3700
0893639993,900
0893532945,1200
0919365551,1400
0893639635,2100
0974962269,350
0626646456,7900
0978296198,700
0893665195,3100
0893936265,1600
0952899659,6600
0951628956,6600
0842645455,1400
0978294297,300
0978796429,1100
0893669165,1800
0978959415,2500
0893654914,1800
0978954295,2200
0919599993,4700
0616965945,2200
0893922691,300
0978296294,1600
0978916923,600
0919656656,5000
0893659264,1600
0978795499,2300
0978919661,800
0618966563,700
0978297929,700
0927879265,1500
0919329956,1600
0965963965,4000
0978236359,2500
0893659235,2000
0893659287,1000
0974961663,400
0893651546,1700
0893665636,2300
0893564665,2400
0978919224,1000
0893564915,2700
0978959495,2200
0893929694,500
0919159265,1700
0893922932,500
0893926498,300
0978789992,2000
0963295459,2500
0893636963,1000
0919655915,3700
0942269295,700
0919656289,2500
0893922616,300
0919194465,1800
0893632645,2800
0974961694,350
0893926166,350
0944269519,4000
0835365629,1000
0893922998,400
0893536459,1600
0886392965,5400
0893532289,900
0893564145,2400
0978299798,800
0993655499,3500
0814163945,8500
0947951565,1700
0893935356,2700
0978914256,300
0952896545,24100
0893939654,1100
0974961564,400
0828692456,600
0837799898,600
0978292897,600
0642656955,1600
0893659696,1200
0919265495,1300
0629514289,9700
0934459168,100
0802828954,2500
0978294916,900
0826246639,1500
0893929263,350
0893692666,1700
0919653659,3000
0978916362,1200
0963656935,4200
0815351963,1900
0978295497,500
0893926692,350
0978916569,1200
0893696366,1000
0637465656,600
0893661659,900
0919355654,1700
0893939556,2200
0628789591,6500
0893636455,1500
0864169394,300
0646932424,2800
0618995965,1500
0893665465,3000
0974961928,350
0919193265,1800
0893662888,1100
0978292629,1100
0617896465,57500
0967895695,12300
0939632645,4300
0658263559,1200
0978239445,1300
0893636989,1200
0978292466,800
0893662626,1500
0974961699,350
0978966954,1900
0893569915,2200
0893559289,2100
0919354556,1900
0837826456,15100
0978235942,700
0978292397,400
0978916264,800
0944494289,2700
0974235959,1700
0978294191,900
0978294269,900
0978297922,600
0978799941,2000
0945951459,10000
0893999966,3200
0805954239,600
0893639324,800
0893999987,2500
0818998898,35600
0818742478,200
0957895664,30000
0919323615,700
0978799453,2100
0993698795,13200
0919365539,1400
0974961449,350
0893632499,800
0893666639,4100
0978792614,1200
0893595459,1100
0893922416,300
0975142456,3700
0948795544,2500
0838782995,5900
0978298979,1300
0893554956,1700
0893654499,1700
0978964595,1600
0919632245,800
0978795694,2500
0619653665,4800
0978956499,1000
0978796241,1700
0978296292,1200
0893929226,350
0893535553,2500
0944195356,4300
0893922639,800
0893516545,2000
0809394426,400
0978919261,600
0814264456,6600
0978899991,2600
0637892915,7500
0971428956,6700
0978292236,700
0946474849,6900
0978794691,1500
0619782693,1100
0978235463,800
0962654539,1800
0893999156,2300
0648291515,2400
0893924161,300
0919644545,2600
0658798265,4200
0947892355,6900
0893929297,350
0858289195 ,3600
0816982645,2800
0893639287,1000
0893651924,1900
0893546354,1400
0617895391,9600
0947892364,7900
0842898795,7900
0978239551,1000
0919263295,900
0978899956,1900
0893659964,2000
0642397898,2500
0945653289,3400
0966393641,4200
0893639914,1500
0993369165,500
0893639924,1700
0829536395,4700
0893929798,400
0919423935,900
0919363595,2000
0629323951,1000
0893922614,400
0949998979,2500
0864265456,24200
0864642624,1500
0919362965,2100
0978799399,1500
0978296232,700
0919193645,1700
0951469191,2800
0919194956,1900
0919263945,3200
0893632946,900
0978969954,1400
0978966451,3900
0974962329,300
0978293294,800
0893632914,1000
0978294661,900
0958289565,6800
0838296656,3200
0972896365,13600
0893639593,600
0978294494,1000
0632893666,4300
0978297919,900
0967897895,90000
0942989632,300
0965695692,900
0986546545,4200
0978292942,500
0893665995,2400
0919263965,2700
0919592299,900
0978299297,500
0978293992,600
0832492895,8800
0946239242,600
0942691554,3700
0978293596,700
0919266359,1400
0893655354,1200
0978291966,1100
0919632915,2800
0893633666,2100
0826646659,1900
0978296982,1300
0919359459,1700
0978298266,1000
0947894541,35000
0825644242,1400
0978915632,600
0919323954,900
0813559442,400
0974961691,350
0919191495,1400
0978792266,1000
0978239595,1500
0978299693,800
0618235651,1100
0825692665,1700
0978969645,3800
0919156459,2200
0949993515 ,6100
0893656945,5100
0978294193,500
0978794929,1100
0919363987,1400
0886491445,1100
0893659459,3600
0944562665,4500
0893639426,1700
0978232245,800
0646598792,1500
0957895663,25000
0919322359,400
0919323956,1300
0949989893,600
0838787915,3600
0978953515,1200
0641941599,1000
0993541998,300
0893532695,800
0978296569,700
0978239456,18000
0919596446,1100
0893666956,3100
0978299263,1900
0941422354,500
0919264595,2200
0993246564,3000
0978289992,2000
0955149159,2800
0949895997,500
0978798889,4100
0966369364,2300
0978295462,300
0855151945,1400
0893659614,1400
0919195636,1200
0978795366,2500
0978294649,700
0893635462,1000
0893932956,1900
0961941454,1100
0924199895 ,3800
0893929598,350
0978292923,700
0863344488,1200
0949966515,3800
0642699156,2700
0937879145,2200
0893549459,1700
0646396965 ,9800
0893535556,1600
0893695145,6500
0893545695,2800
0893656615,1600
0619624965,2300
0893515624,1100
0642242365,3200
0978236635,1200
0826391978,1800
0617899149,7100
0978791614,800
0893636639,1000
0978919597,700
0838295515,1400
0978291422,600
0816914599 ,900
0978298223,500
0978919961,600
0968264656,15000
0919632426,700
0887829899,4000
0978294966,800
0825645495,1500
0919193656,3400
0974962292,350
0893639953,1500
0996645945,2800
0973565151,1200
0919599235,800
0978296366,700
0635456965,3400
0893651946,2100
0961451665,1700
0978795993,1500
0948916995,600
0919159459,1300
0893632959,2400
0978295669,500
0919159356,3500
0893669365,4500
0978919932,500
0974962297,200
0956391951,4900
0978292422,400
0978915497,500
0893928928,350
0919632442,500
0893922896,800
0978294423,600
0893639541,2700
0826515639,5200
0919365614,1500
0978236535,1000
0649266456,3200
0919199265,3100
0893999982,1300
0893922823,300
0919639224,800
0893632355,1000
0815329456,2500
0893923266,500
0627895149,6300
0978239235,900
0974961496,350
0893553965,1700
0919194519,1300
0919596915,2300
0823935156,1700
0893632635,1800
0893542645,3500
0978298982,600
0893664595,2500
0951451639,1300
0893635699,1200
0893514515,2100
0893632419,800
0825651556,2000
0893639249,1400
0978916193,400
0919599991,4500
0642651563,2300
0978963942,1900
0893922393,300
0978291623,500
0919365591,800
0919362354,1100
0974961646,200
0893692828,1200
0978236544,600
0919356451,1800
0919365635,1500
0978954195,1300
0893929878,350
0629249364 ,1000
0978299623,300
0893659446,2000
0893924223,300
0809295498,400
0978293229,400
0893535355,2600
0978296162,700
0893639945,3900
0919269165,1300
0978961495,1500
0978297939,800
0935193656,7800
0919599465,2300
0893592645,2600
0978915196,1200
0829891415,1500
0978294496,600
0946354551,3500
0893929328,350
0893655955,2500
0919363955,1900
0978969945,1200
0944564659,6900
0633653699,1100
0978294516,1300
0919264659,2600
0893659888,3000
0978295978,1500
0993942463,700
0978956455,1200
0978915452,200
0896025555 ,12100
0628989493,1200
0978793235,2100
0919261565,2200
0849879351,3900
0974961541,500
0893922692,300
0978235419,1100
0893935165,1800
0893924697,300
0978294928,600
0919351515,1400
0893632289,800
0893651614,700
0978916197,600
0626142459,1500
0978236624,700
0893636235,1100
0919632945,1400
0978232639,900
0947892656,30000
0823699256,3900
0995469514,1600
0978919193,1200
0893922262,300
0893532659,1000
0974239595,2300
0995963515,1900
0959362356,1700
0893992956,1100
0842416495,2700
0974962294,350
0825651965,2900
0893549895,1300
0616266956,1800
0978296944,500
0978292496,700
0978793692,1400
0893636398,1200
0974962414,600
0826266359,1900
0893632395,1600
0618782942,1300
0919362654,3900
0978956945,2200
0826241936,3300
0914445465,6400
0893639419,1800
0893929799,350
0978789666,5300
0816365463,2900
0926354556,13000
0978916694,900
0978239899,800
0618953245,1200
0978294936,1000
0893664165,1700
0893922282,700
0954244695,5500
0978799642,1900
0978289994,2000
0978796516,2500
0661594619,900
0978299282,900
0962422365,2400
0978799946,1700
0893639944,1000
0919153654,4700
0978239424,1100
0978915979,1000
0815692415,9100
0978293241,1000
0978291597,700
0893926328,300
0978969951,2900
0973699991,1200
0927891168,2200
0893922369,200
0816145693,600
0815644151,1500
0978293697,600
0919362956,4000
0978236245,2700
0978962395,1100
0826542895,26500
0893922624,600
0893924662,500
0974961636,350
0815364954,6000
0942289828,1400
0978915996,500
0829615624,1100
0956666666,3000000
0842892495,22800
0893636996,1800
0826629982,1000
0893999964,1700
0893666336,2400
0661498995,1400
0635465954,2200
0893536289,2600
0893924998,350
0919659651,3300
0893639455,1700
0627878229,900
0893656453,1100
0919159665,6300
0978292264,700
0889239293,300
0893636633,2100
0978799798,2500
0978914923,600
0917894542,30000
0978298997,900
0893659324,1400
0972879424,600
0978295626,2200
0893922362,300
0803949644,100
0893929596,350
0893659355,1100
0978798235,1700
0978914496,300
0919322365,1200
0846395915,12900
0978969654,2600
0919193665,1900
0919593663,1700
0893999962,1300
0919359645,3500
0978966995,1000
0978292328,600
0893924291,350
0893542459,2500
0978235151,2800
0919199151,4900
0975644654,2100
0634653936,1100
0919632879,900
0974961949,350
0815394595,2400
0943249394,500
0627982891,800
0816926245,1300
0893569656,2100
0978296163,1200
0974961514,600
0978296298,1100
0978232954,800
0893923624,600
0978296196,500
0893541495,1700
0978294223,700
0977708888,35000
0893659646,2600
0893922232,300
0978796914,1700
0978293922,600
0978291424,1900
0893536245,1600
0974962394,350
0978962235,800
0919394915,1500
0893935415,1600
0893515951,800
0967893663,15500
0978919397,700
0951464545,4300
0919155199,1900
0893639989,1900
0618796546,2400
0919393654,1800
0893922994,600
0814165945,1200
0893932495,1200
0978797955,1300
0978296397,700
0832497956,1700
0972465463,1200
0978919163,600
0919159945,1300
0893514295,2000
0893632942,900
0946395155,5900
0841546651,2200
0926399242,6000
0944962356,1500
0978299366,900
0982498795,9900
0628929789,6700
0978961966,800
0919644235,800
0893632636,1400
0893593959,1700
0919269415,2300
0978292494,1200
0978293287,900
0919263924,1000
0972455935,1100
0627929953,200
0893926598,800
0893636495,2500
0893542365,2600
0978297991,800
0978235454,2900
0995626636,1500
0919593535,1700
0919359365,3600
0893562959,2300
0824697465,3000
0828427777,8200
0893635429,700
0978291698,600
0919193659,1800
0834636519,2200
0954635515,3400
0919593556,1200
0919154664,2500
0927828245,2000
0978291428,900
0829879656,4900
0978292292,500
0919263915,8600
0978299141,1000
0961639945,2000
0893693535,2400
0893639644,1100
0826394562,5200
0978919293,500
0978962295,800
0978794964,1900
0893923596,500
0919329965,1400
0978291946,1400
0978966495,1900
0838795656,7400
0978293266,800
0634694245,2100
0944554699,3100
0992396295,2500
0945955955,25900
0967897899,100000
0919326665,1300
0958289561,800
0978236642,600
0842651463,1600
0919599159,5100
0893639415,6900
0893659665,3500
0978914663,1200
0893639369,1300
0997826445,14100
0802895426,4200
0919362455,3000
0974961696,350
0805928961,700
0978796944,1600
0919196915,1200
0978916297,400
0978959514,1300
0893539888,2300
0978297923,600
0919329565,1900
0627893635,12900
0658795936,2000
0978291922,500
0976245959,1800
0893654539,1200
0637826595,3600
0978293239,1000
0978239155,1200
0893653915,12400
0952293922,300
0978795494,1800
0978296497,600
0919263956,5000
0893549665,2200
0893654514,4700
0978916961,700
0826694495,1500
0955639289,8800
0919365542,2400
0919263265,1800
0978789993,1700
0978964145,1400
0864169653,600
0978919894,900
0978919226,500
0889636945,2500
0618999635,1200
0961565155,1600
0647823656,7100
0978296953,900
0978297961,800
0624251559,400
0616924245,2100
0944146461,400
0978295944,500
0978959654,6200
0893556659,1700
0919639519,2200
0978914149,1000
0919263959,1800
0919329356,1700
0646395151,9600
0893999944,3000
0893998265,2100
0978232624,400
0893922464,400
0919365946,1300
0626919565,2500
0919196545,1800
0893924423,350
0893514965,2900
0978919498,600
0893632654,2500
0893635359,2000
0978915323,700
0805928962,1000
0978236354,1600
0978915622,600
0646453642,2100
0919592355,700
0957878964,2730
0893639355,1500
0993694245,12000
0893922429,600
0893639624,2200
0626624656,2800
0978239655,1500
0642635642,2100
0893659615,2900
0978235155,1200
0919354651,1500
0893594645,1600
0978293516,1500
0978299362,600
0919362915,2400
0893635935,2100
0978295597,400
0626235463,1300
0978298261,900
0953614141,900
0992949789,3600
0919195451,2300
0893562354,1500
0996359915,6500
0974961462,300
0644635535,1600
0994562629,2500
0832359465,4300
0893635453,700
0919199656,2400
0974242365,3000
0893696459,2800
0893692242,600
0628789265,12800
0627895395,23000
0976599995,2300
0893656642,1500
0978294998,700
0893669959,2200
0893663959,4000
0919265465,2000
0978293544,1000
0877896242,19000
0939878745,1300
0815428944,3000
0991594151,3000
0998299165,4200
0978299619,700
0978236599,1400
0893663936,1100
0893922296,300
0893519945,1600
0978919632,500
0978293549,1200
0802895194,2500
0974961492,400
0893639494,1400
0809539629,500
0893656699,2000
0974961553,350
0954640004,100
0978795998,1600
0952644241,900
0893636946,1600
0944235691,1400
0893549145,2000
0978916979,600
0974961446,300
0979877878,4900
0893656663,1400
0974289922,1200
0893639236,1500
0978797987,4400
0978232454,1500
0919194515,2600
0893699994,1600
0978954955,1400
0893659516,1200
0964566393,4700
0978916994,600
0978299169,600
0893635465,5600
0959879455,2600
0893566235,800
0978963935,2400
0955556666,815000
0978236393,600
0893536965,2000
0942949156,2200
0893635155,2600
0629636519,2200
0978919296,400
0978232936,600
0919363995,2600
0917894445,20000
0641461461,1700
0893929822,350
0893636664,1600
0978299632,500
0978293997,700
0963246565,16200
0814599197,600
0841591965,3200
0999563659,5300
0893639429,1200
0919326545,1400
0972894956,7400
0944562949,2300
0961629565,2000
0978915997,600
0978299791,800
0978915561,1100
0919194695,1500
0948951456,3200
0978915428,800
0893929795,350
0996289656,12500
0976561515,2100
0893655914,3300
0974961624,500
0835351495,1200
0949191192,300
0893692235,400
0978293941,1000
0974961936,500
0893923282,400
0978969995,1000
0641491959,1000
0978294962,1200
0945936465,10600
0618236695,1500
0978292262,600
0815356615,900
0646295191,700
0919366355,1200
0893519154,1600
0978294299,800
0893654445,1500
0978962656,2700
0978794699,1900
0978964195,1500
0978919428,300
0971916195,600
0826262915,2600
0978239639,1200
0978295166,1000
0893653964,1600
0977896235,14000
0978789991,2400
0978914979,700
0919266399,1000
0832265515,400
0945553961,600
0963264546,2300
0893565165,2200
0893539915,1100
0822365359,2600
0978292696,400
0951428964,3500
0978294982,700
0978915396,700
0955455465,4900
0919395655,800
0893636993,1000
0627899459,7200
0893665699,1400
0919699991,3700
0978954645,2500
0893639946,1400
0816532695,1800
0919159365,5400
0978236514,3600
0893635939,900
0832693265,1900
0893669565,2400
0893659642,1700
0816545466,4300
0893632936,700
0642351954,4400
0646398287,1400
0919262495,1300
0826461565,2600
0978294619,1100
0893516465,1800
0974962287,300
0978297953,1100
0919364455,2200
0919591554,1700
0996359915 ,6500
0893594646,2500
0837899294,3700
0656368665,300
0994939326,700
0961949615,1100
0978292928,600
0977932456,800
0893928263,350
0626646646,5900
0978294419,1200
0956232551,100
0974961642,350
0919363515,3000
0614197899,5000
0978969235,900
0842456956,6500
0893554165,1900
0919423955,900
0893639396,600
0974962261,300
0635193556,3600
0978793299,1500
0978964445,2400
0824245442,1300
0978298994,1500
0978953295,1100
0978235615,1700
0893539289,2500
0978799364,1700
0978296396,800
0626622965,2500
0978962242,400
0815942454,2600
0893632954,1900
0919329915,700
0974961651,350
0893992356,1300
0978919828,900
0978236424,1500
0978955515,5900
0617894659,16800
0893666265,2400
0978293263,400
0978235456,4200
0978239455,1200
0978966559,1900
0978799994,2200
0635499356,4400
0893696644,1000
0966544665,8600
0826496465,4000
0978964915,1600
0978291644,800
0978298941,1300
0814545156,4900
0978239945,1600
0978792246,1400
0893632659,2300
0978964599,1400
0978964645,2500
0814429456,4500
0978954235,1200
0849899989,21000
0893639899,2100
0978796669,1200
0816915365,5000
0893639354,2500
0816392695,6300
0978291979,500
0893665165,2200
0978793592,1600
0978292453,1400
0839414916,200
0959829459,2300
0963262995,1400
0978235989,800
0978232651,1000
0960000000,3000000
0978916166,400
0919329465,1200
0928999999,1004999
0978916497,700
0619192635,1100
0919263955,1800
0919356359,2100
0978292694,1200
0978299939,1600
0634456554,1100
0919365556,1900
0946324955,4200
0919266415,1600
0919632951,800
0893926496,350
0893636499,1000
0919192495,1300
0978291549,1600
0893924197,200
0942396519,5200
0978915949,1000
0893559156,2700
0919659356,2300
0893654519,3300
0974961916,350
0978916596,900
0978288879,1000
0978297928,900
0993289191 ,2500
0893632446,800
0893545459,1300
0978799236,2100
0978914226,800
0919322265,700
0952416956,2700
0945161915,1700
0956365165,8900
0978298291,1700
0978962495,4200
0978798797,3500
0919193556,1400
0618796261,800
0961496359,6900
0978794553,2100
0978299569,1200
0978295694,1900
0893929626,300
0919656542,2000
0633615949,400
0978914196,700
0978291969,700
0978232642,600
0978966651,1100
0978291416,800
0919155459,2000
0978791615,1800
0978919369,500
0919591455,1400
0978295916,1200
0893539565,2800
0893595695,2500
0978959445,1700
0947894556,40000
0619828262,600
0919329545,1200
0627891551,9600
0919265915,1700
0956692659,1800
0952639956,6200
0919653565,2700
0644944265 ,1900
0978965942,2500
0824168789,2600
0893662265,900
0815392656,4600
0893994295,1200
0919354656,2200
0978299561,2300
0978289969,800
0919269656,1600
0893569565,5700
0978232635,1200
0893595159,2600
0958797895,7500
0906996245,700
0978235536,700
0994551994,900
0978293653,1300
0644444444,5600000
0893664954,2300
0978794966,2900
0834639351,3100
0893926497,350
0997899916,8700
0832356615,1700
0629562659,2200
0658298295,1800
0864542415,3200
0893632894,1000
0944665636,1800
0893654287,1500
0978296991,700
0893515565,1600
0919196519,1700
0893564959,1200
0978899992,2600
0893939545,1400
0978236639,900
0893659994,1000
0638747156,200
0893639495,5000
0893655566,2400
0978962355,700
0893632935,1300
0994289828,3600
0978299166,1100
0893635141,2200
0993541919,1800
0961939628,400
0647823635,4900
0919422495,1200
0978296466,700
0919593639,1800
0645364615,2800
0893655544,2000
0639699354,1200
0825295665,500
0893653914,1800
0968235515,900
0919193695,1600
0633923964,500
0893922891,700
0978232695,800
0978916328,700
0967896656,49000
0809455398,300
0978292462,1100
0893655966,1100
0978796419,2300
0893998795,1400
0978299892,1200
0978239514,2300
0798795493,1300
0919595699,3400
0944979965,900
0893924592,350
0978796593,1600
0978916422,600
0955635442,1900
0893922396,300
0837929645,200
0992644426,1500
0893654546,3600
0978297823,800
0919365987,1300
0893659651,2000
0826399241,4900
0978792666,1900
0978962399,600
0893994556,1500
0978232955,700
0641546351,2800
0978299419,1300
0893636392,500
0893559265,1200
0978235519,500
0946156645,1400
0893561945,1600
0978919149,1100
0978239536,1300
0893923616,300
0893655535,1100
0893636299,1300
0842451955,1600
0978232445,1400
0993261595,1900
0824245655 ,10100
0893636244,1800
0893659635,3500
0978296992,900
0978793594,2200
0893639466,1000
0893935695,1200
0978798887,1700
0935597888,2000
0893635444,1900
0978916141,1100
0843564156,2800
0978291941,1000
0919593235,700
0919363941,1600
0823963654,2400
0978295363,600
0978795699,2700
0627894615,10000
0978289987,1500
0978796614,1100
0893924622,300
0893922498,400
0893654964,1900
0919392356,1600
0893994915,1300
0919642299,800
0978961415,1400
0978919423,400
0961423515,2600
0962459454,2500
0978232959,1200
0946392355,3600
0893632955,1100
0974961535,600
0893922669,400
0978299196,800
0813559646,500
0893928797,350
0638786914,100
0978232242,400
0632896442,2800
0978292663,500
0893654199,4000
0978299499,1200
0978291932,500
0822465599,6900
0893654495,1700
0893569515,2600
0978293928,600
0919196554,1100
0978291916,600
0893599165,1800
0978296619,800
0974961491,350
0841563651,2600
0893635459,4000
0964619665,2300
 0814545156,5500
0642823646,1800
0978236355,900
0974961954,400
0919264565,4400
0627893615,16600
0893655936,3200
0661592449,700
0838795661,1200
0893654455,2100
0805328965,2200
0948989646,600
0919359965,3200
0993246591,3200
0978292423,400
0627879239,1100
0978292698,800
0978299953,700
0978296282,500
0893639566,2300
0978956954,2200
0974961979,350
0642363563,1500
0955399459,2000
0639141456,2800
0814151659,1900
0893639942,1300
0942366556,3800
0978232615,900
0919593287,600
0893519645,1300
0978299328,600
0975954545,1100
0919329559,800
0957878949,1500
0978239519,1900
0978292824,1500
0978292362,700
0978297932,500
0978795593,1600
0919365559,1900
0893632941,800
0893632945,1900
0978296329,1000
0978969651,1200
0978954995,3200
0893653939,1700
0978963545,4900
0644569235,4500
0978235964,1500
0893636414,1700
0893654965,6600
0978914294,1400
0893653946,1900
0893924979,300
0978295982,1300
0978969514,900
0978795516,1700
0893636454,2500
0893599879,1100
0893926193,400
0978289996,1300
0919261956,1500
0979547895,3600
0893695595,2200
0893639499,800
0643628963,1300
0939289354,7900
0617894655,14700
0978235655,1100
0893692236,500
0893929824,1100
0919362295,1000
0893656249,2000
0629594565,7900
0893936665,1700
0893662899,1500
0838796635,3100
0978299963,700
0893635499,2000
0978299199,1300
0945594599,6500
0957878965,4000
0978298926,1200
0978232442,1100
0893999454,1300
0645564495 ,1600
0893566945,2400
0978236455,1500
0978956959,2000
0963624156,27700
0893516156,2000
0893994235,700
0978236695,1600
0919597891,2000
0893656644,3000
0893659989,1400
0863339977,1500
0978924428,700
0626426365,9300
0974961697,350
0978969445,1000
0978963636,2100
0893659935,1400
0893639965,3800
0832494615,3600
0893696359,4400
0893636393,1000
0978798793,2000
0978795966,1700
0928789888,10500
0893549995,1400
0978236445,1300
0978915961,600
0893935195,1400
0825935659,1300
0623646495,3200
0978894545,1000
0831478965,1600
0978299249,1400
0978293291,600
0995423646,1300
0978291628,600
0893632699,800
0978299691,900
0978239559,1600
0816391915,4600
0893929597,350
0978295993,400
0994926414,1000
0944198245,3800
0974961416,350
0978966354,1100
0978298797,1200
0977942456,1800
0893694264,1900
0893539956,2100
0893656393,1000
0989789168,20500
0646924246,1300
0978799664,1900
0818888922,3800
0854404404,1100
0822399265,3500
0978295194,1600
0849796265,1200
0893639795,1000
0978295953,500
0826399661,900
0978794993,2300
0929878887 ,2100
0994545935,900
0802898235,3900
0978296935,1400
0893655546,2500
0919265356,1700
0919592249,600
0888888888,10000000
0893636995,2600
0893655942,2800
0814169289,2200
0978294463,500
0974962293,350
0893635494,1200
0978791655,2200
0994956593,1300
0995639195,7200
0825453941,800
0919193915,1100
0959616565,4200
0814789594,1000
0955194154,3100
0978299516,1000
0893639195,2600
0978296322,400
0919595636,1600
0614646664,4100
0844844844,17000
0855923565,700
0974246456,10000
0642465659,6900
0893929793,300
0919194965,1700
0893636651,2200
0978914494,1000
0893659354,3200
0893593695,1500
0626539463,1400
0825545595,1200
0814962928,500
0826639535,1900
0893635946,1200
0893636966,1300
0893636919,1300
0978292614,1000
0978235665,3900
0919195154,3500
0919632235,600
0978296191,800
0978919497,800
0978953599,1500
0978295453,700
0893636419,1000
0942429459,3400
0978295926,400
0652424442,3200
0978966455,2400
0963246549,1100
0978749456,1300
0972615151,500
0893639551,3200
0925424556,8600
0905324456,1900
0919195145,2300
0942322954,800
0978796393,1600
0919194651,1800
0893639146,1600
0893632642,500
0893653699,1600
0893922969,200
0978966945,1500
0645564495,1600
0978296353,700
0893922653,500
0978792351,2900
0919364154,4200
0893926914,350
0994294516,1600
0919199551,2300
0978914939,1000
0641496459,1700
0826145256,100
0627892228,2100
0893599265,2200
0919639515,3200
0919194595,1200
0978236351,1300
0978295969,900
0889642615,1800
0919363536,1500
0893599235,700
0978294462,400
0978928794,1700
0893922928,350
0978232995,1200
0963595695,2300
0919194556,2600
0954567858,200
0978293998,900
0978954699,800
0618239695,1200
0978794449,1000
0893999946,2200
0991519354,4900
0919324499,600
0978291994,700
0893639453,1600
0893936959,1500
0978953615,2300
0826236659,1600
0978919892,900
0978291961,500
0893632665,2400
0974416565,1900
0839365463,1400
0893922324,500
0978299329,1200
0893926191,350
0966266395,7400
0628241994,1000
0893926992,350
0978914144,800
0978299698,1000
0978919969,700
0978296264,2400
0978799544,2100
0978293979,700
0855554559,20500
0893659659,4000
0893639615,4300
0978296978,1100
0978291993,600
0978297963,1300
0976366654,900
0962619656,1600
0816365463 ,2900
0893935645,1500
0893999654,1400
0893659395,1500
0644264965,7000
0943699356,2500
0978299228,700
0978795466,1700
0994953955,900
0978291696,600
0942415924,4700
0993563964,2400
0919651656,1700
0978235946,1000
0893923262,300
0919632888,1600
0966395697,1700
0815978964,3000
0938795151,3100
0886415642,1000
0842829535,2900
0957826956 ,6900
0948926145,800
0893635145,5400
0919196595,5700
0978963245,1500
0629499391,500
0893656645,4000
0914925635,300
0617898922,3600
0978291646,1200
0944566455,3200
0618246154,1500
0644562499,5600
0835153599,1100
0893926979,350
0619598289,1700
0919596545,2000
0978916162,600
0893659639,1500
0863339977 ,1500
0978299295,1500
0893655553,1200
0842878887,2300
0825545515,1000
0978296293,800
0617899415,17500
0617896392,9500
0978292978,1200
0978291516,1400
0984446466,3800
0905322456,2100
0893666654,3200
0978236398,600
0893656159,2000
0648796351,3600
0893635964,1100
0825455145,1500
0816532651,1500
0919395651,1300
0978299264,1600
0978959915,2300
0893695615,2400
0946393563,2400
0978796989,2300
0634454544,3300
0893632989,1500
0893454111,500
0639154639,1600
0919398956,1600
0919269888,2900
0978965151,6900
0994963656,2100
0978292936,1000
0886539939,800
0954426936,700
0978291497,700
0957896195,8000
0617896351,17800
0893632639,700
0893639442,1000
0823692654,6700
0815964656,3800
0838282465,4500
0808878788,4600
0906559456,2000
0978956699,700
0893928298,350
0919323915,1200
0919594646,1300
0955491415,2100
0893697879,1200
0974961923,350
0919264564,2100
0978795629,2500
0976365556,1200
0824299655,2600
0919354242,1100
0893635451,2700
0893636355,1300
0978235664,1100
0978799949,1400
0893639463,1100
0966394415,12000
0893636394,1400
0825649355,1800
0893923949,350
0978291649,700
0978919323,500
0978297915,2000
0919155451,1900
0978798792,1300
0957826956,6900
0978289993,2000
0893922394,300
0978232946,600
0919356354,2200
0945199245,1700
0978794446,1100
0947892391,7200
0978232935,500
0647823954,7700
0639198956,5000
0893549965,1900
0634599515,1000
0978964154,2600
0999465324,1100
0974961614,350
0893924424,300
0893639554,2200
0954656354,3300
0893932888,1100
0826495356,2700
0974962398,350
0978235651,2500
0893639535,1900
0958919224,300
0893929228,350
0965635954,2900
0893542659,5000
0919155919,2900
0978799787,2100
0978296428,800
0661515193,1000
0893656154,1900
0893661656,1300
0842324651,2600
0893932659,800
0893636695,3800
0982464415,2500
0978293297,500
0893994465,1400
0893935965,1400
0978969915,1800
0978295393,1100
0978297946,600
0893536654,1000
0652263544,600
0919351545,2000
0978916326,300
0893546156,2000
0842361915,1900
0919655156,2100
0893639491,1100
0893632956,3500
0893655698,1500
0978292463,1800
0978298932,600
0919194145,1400
0978294596,500
0943914456,1100
0978295923,700
0994929564,1100
0974935656,4000
0639289156,10000
0978916926,600
0962899656,15500
0893632893,1500
0956396554,12500
0978747456,600
0893692464,1700
0893656151,1900
0656926365,3900
0893924497,200
0919356987,700
0893551935,900
0893551964,700
0919651935,1500
0919356444,1700
0893551919,1900
0978961535,500
0893519495,1100
0893915353,1300
0978287935,2200
0893591554,800
0893551954,1000
0978782359,2500
0978782354,2500
0978782351,2200
0978953514,2600
0893519195,1100
0919153515,1100
0978959535,2400
0893566162,300
0893563996,600
0893565569,700
0978953569,300
0978963544,1900
0978951635,1200
0919351953,1500
0978793596,900
0978782355,1400
0978963593,900
0978963591,800
0978965535,400
0893598282,1800
0893635192,700
0978782935,2100
0978966353,1000
0978963549,1900
0978969535,700
0978235978,800
0893635193,500
0978235351,600
0978235159,2200
0978963514,1100
0978959355,2700
0978235359,500
0978963594,1600
0919356428,500
0978953596,500
0893519891,600
0893535192,400
0978962635,1700
0919359782,800
0893519691,400
0919356928,300
0978969355,800
0893594978,300
0978235354,900
0978959353,600
0919356164,700
0919355978,600
0893551914,400
0893519263,600
0978282935,1900
0978793593,1200
0919191535,1400
0978969353,900
0893515963,700
0919153553,1000
0978235498,200
0893535194,500
0919399635,700
0893596145,1700
0919696351,900
0893514591,1000
0893551616,1100
0893535562,800
0893515194,700
0919653635,1100
0978282235,700
0893599451,700
0893996354,1500
0978961635,800
0893554191,800
0893519354,1600
0893536464,1600
0919654535,700
0893555651,900
0893519944,800
0893535362,600
0893598793,600
0919693535,1600
0978793516,2500
0978961935,800
0893551541,700
0893519355,600
0919263536,1000
0893545419,500
0893594451,1000
0978963553,1100
0893555163,500
0919429351,800
0919635536,700
0893598942,500
0919194635,800
0978953598,1100
0893551991,600
0893535914,300
0919429355,800
0893542453,600
0893594299,800
0978965355,700
0893559426,700
0893519494,700
0919353615,1200
0893541954,1200
0893599536,1000
0919153544,600
0893553663,800
0893591553,400
0919429353,700
0893556161,500
0919192635,1000
0919263553,800
0919353663,1700
0893555366,1100
0919635444,1300
0919595635,1600
0893514441,700
0893598798,500
0919355144,600
0893555653,600
0919635499,800
0893595551,800
0919635544,900
0893515419,1100
0919596635,800
0893545155,1500
0978966935,1400
0919635559,1000
0919653535,1600
0919423539,600
0919153541,700
0893595363,900
0919359978,400
0893515141,700
0893536244,600
0919196353,500
0893516166,200
0893536163,400
0919635628,500
0979165635,1100
0893541499,500
0978963596,300
0893514499,600
0893592491,1200
0893536282,400
0919355193,400
0979163536,600
0978953594,900
0893599787,800
0893514982,700
0893536699,900
0919635364,800
0919326353,500
0979169635,600
0893515946,900
0893519563,800
0919354562,1100
0919393536,800
0978953551,600
0893561616,1200
0893555362,500
0919496351,900
0919353666,1300
0893515364,800
0978282351,1200
0893542828,1000
0919593551,1100
0893555141,700
0919635919,1100
0919696355,600
0978282359,1900
0893993535,1600
0919635564,1000
0919396354,1200
0919199635,900
0919656355,1200
0978953541,1400
0893935514,800
0893516353,700
0919423555,1000
0893541598,500
0919696353,700
0893551641,700
0978953592,400
0893592828,1800
0893551978,600
0919351991,600
0893556396,300
0893519992,600
0978235492,400
0893546429,900
0979166351,700
0893516424,1500
0893551661,300
0919635429,800
0978235998,300
0893541653,600
0919493535,800
0893536664,600
0893544541,800
0979163515,800
0919423591,400
0893519946,1000
0893592499,800
0979163599,700
0893536615,700
0893566161,500
0893519878,700
0893553664,500
0919635553,600
0893544551,700
0893519535,700
0919163535,700
0893516563,1200
0893935354,500
0919355194,700
0919194235,700
0893541695,1100
0893519696,800
0919635491,800
0919424235,900
0919262635,800
0919196635,1100
0919696354,900
0893541414,1300
0919635453,700
0893993514,900
0893935355,900
0919693541,1000
0919635551,1300
0919423535,900
0893541919,1500
0919355155,1200
0893556635,1000
0893559451,800
0919653541,700
0919656535,1100
0978282354,1300
0893635998,700
0919651635,2000
0919635542,1900
0893594514,1100
0893514955,1000
0978282353,700
0893999635,700
0893599424,800
0893545614,1600
0919635566,1200
0919392635,700
0978282355,700
0919656359,1800
0919635398,400
0893592636,1400
0893556591,1200
0978235598,500
0978782353,800
0893535545,1200
0893514561,1500
0919635395,1600
0919594635,1300
0893996351,700
0919635353,600
0919356161,400
0919396353,500
0893564441,600
0893536662,400
0893595163,600
0978782235,1200
0893519989,600
0893566163,400
0893536446,800
0893555363,600
0978235198,400
0919153594,600
0893515966,600
0919493514,900
0893559787,500
0893549942,600
0919351616,700
0919359787,600
0919353514,600
0979166355,500
0893536353,500
0893594263,1400
0893556544,700
0893519787,700
0893514663,900
0919353553,1500
0893595153,600
0979163554,800
0893551655,500
0893514453,600
0893592878,600
0893519235,700
0893519455,700
0893515653,900
0979166359,1000
0979166354,800
0893935363,600
0919635366,600
0893551455,1000
0893935551,600
0979163535,700
0893553651,1100
0893535155,1000
0893599635,1200
0919653536,1200
0893536644,900
0919196355,800
0893535154,700
0893535551,800
0893591453,600
0919635146,1300
0893535564,700
0919492635,600
0919656351,2900
0893594224,600
0893551414,700
0893535989,1600
0893542499,900
0979162635,800
0919696359,2100
0893653598,600
0893536663,600
0919145353,600
0893535953,500
0979166635,700
0919635156,4900
0919654935,1700
0919635426,1400
0893535453,600
0893514541,800
0919493541,800
0919656635,1200
0919635698,600
0893535153,800
0893551563,1000
0893541655,1200
0893514592,700
0978963541,1100
0893519653,600
0893591592,500
0893519292,500
0893599978,600
0893519942,500
0893551491,600
0893519499,600
0893549978,400
0919351592,600
0893551466,500
0893535426,700
0893551949,400
0893514244,600
0893515362,500
0893535939,600
0893514464,700
0919423553,500
0893551463,700
0893545362,400
0979163553,400
0893544516,400
0893541946,600
0893546353,700
0919635393,400
0893541991,700
0893519963,500
0893545144,700
0893551446,700
0893519444,800
0893542878,800
0919635993,500
0893519453,800
0893546161,500
0893554146,800
0893535199,1300
0893515964,800
0978235593,400
0893598782,1000
0919351963,800
0893535463,700
0893595364,600
0919635554,800
0919656353,600
0893555164,400
0893515982,600
0893539978,400
0893515949,400
0919396359,1600
0919635362,500
0893555153,400
0893535963,600
0893545162,500
0893545942,900
0919635595,1900
0919656935,1000
0919351987,500
0893535499,700
0893514664,1200
0893536641,600
0919635556,1700
0893595978,1500
0893519553,400
0893591616,500
0893536444,1300
0919423536,700
0919635946,800
0893514644,600
0893556978,500
0893514419,600
0893516393,600
0893551992,400
0893554195,900
0893536646,500
0919354141,700
0893541615,500
0893519146,600
0979163551,700
0893551642,300
0893536142,300
0893519892,200
0893536164,300
0893596429,300
0919355192,200
0893551662,300
0893551653,400
0893536539,800
0978235398,300
0893514924,1300
0893516163,200
0893519287,400
0919354978,400
0919635939,900
0919635992,400
0893519929,300
0893562224,400
0893519394,300
0893549426,500
0919356396,900
0893539424,600
0919351939,200
0919356978,500
0893541626,500
0893536591,600
0893514653,600
0893514942,800
0893555978,600
0893516161,1000
0893569996,800
0919635562,700
0978953539,500
0893539642,300
0893541635,600
0978953593,700
0893514964,500
0893536998,300
0893536287,600
0893541619,300
0893594266,500
0893519626,500
0893515987,800
0893514978,500
0893536629,400
0893539878,500
0893514966,300
0979164635,900
0919635498,500
0893551626,500
0893514987,600
0893597828,700
0893551614,300
0893515941,700
0919351419,700
0893594241,1100
0919263535,500
0893597978,500
0893514919,600
0893516551,800
0893553514,500
0893514446,600
0893555162,400
0893551646,600
0893516398,400
0919635462,800
0893536396,400
0893566978,700
0893516396,300
0893519466,800
0893516562,1100
0893935628,200
0893593698,300
0893536224,600
0893519619,400
0893535166,300
0893597942,400
0919635598,600
0893519791,200
0893556398,700
0893556163,400
0893515996,300
0919635926,500
0893546163,400
0919355166,600
0893598293,500
0919356398,400
0893515989,400
0893595193,300
0893593978,200
0893514614,700
0893596398,400
0893519163,500
0893561469,300
0893566396,300
0893599429,300
0893566164,300
0893635696,700
0893598978,700
0893516429,500
0893551966,600
0893536161,400
0893541978,900
0893935696,200
0979163591,400
0978235993,400
0893519987,700
0919635987,400
0919359635,1200
0893544561,1300
0919155353,1100
0893546978,500
0893551663,400
0893595653,600
0919653551,700
0919429535,400
0893599878,300
0893514492,400
0893516978,300
0978969635,500
0919354199,1200
0893539787,400
0919355536,800
0893596161,200
0893514989,600
0893594287,800
0919266351,1700
0893519994,400
0919355164,400
0893519953,300
0919635998,600
0893551946,400
0893519463,500
0893519244,400
0919356329,600
0893514164,500
0978963598,600
0893519449,400
0893549878,200
0893519966,400
0893514535,500
0979166353,300
0893535628,100
0893596978,500
0893594292,500
0893541616,400
0893455469,800
0893519424,1800
0893545163,700
0893551944,500
0919196351,1000
0893935451,800
0978953955,1000
0919693654,900
0919639944,1000
0893991536,400
0919639636,1000
0919153951,1500
0919366499,1200
0919393645,1000
0978961536,1300
0919654536,1000
0978969364,600
0919693695,1300
0919153939,1500
0978965953,1400
0919362453,1900
0978954953,1200
0919636539,2600
0919639924,700
0919694539,800
0919393695,1300
0919429539,1800
0919653914,800
0893636953,600
0919594539,900
0919659366,1700
0919693936,1100
0919595653,900
0919654953,700
0919155393,900
0919639561,1100
0919653644,800
0919366453,600
0919545553,700
0919653993,800
0893664539,700
0978951953,1100
0978969553,1000
0893699539,1000
0893653691,1700
0978953978,2000
0919154453,1000
0978969953,1100
0919636453,800
0978959453,1300
0893665453,700
0893996536,700
0919653663,600
0919195453,800
0919592624,1000
0919496446,800
0919594615,700
0919496954,800
0919592995,800
0919496959,800
0919592954,700
0919592495,1000
0919592645,2300
0919498954,800
0919592899,2100
0919498956,1300
0919429453,600
0919655363,700
0919653693,600
0978966393,400
0978954153,1200
0919693664,600
0978962653,1500
0919595453,700
0919596453,800
0919365553,1000
0919593699,1200
0919195363,1000
0919393642,800
0893669453,900
0919499553,500
0978965539,800
0919639782,1000
0978239992,500
0893939536,900
0919156553,800
0978953966,500
0919655153,700
0978966653,1200
0919595553,700
0978236914,900
0919599364,1300
0893996539,700
0919593651,1500
0919145553,500
0919653691,700
0919199553,800
0919426392,700
0919595394,800
0978966953,500
0919654453,700
0919265399,700
0919653982,600
0919159453,700
0919656553,700
0978953698,400
0919639153,1300
0978969653,1000
0919159553,600
0978953914,1500
0893695553,600
0978953964,800
0919639982,600
0919639614,700
0919363953,900
0893669653,1000
0919653951,1700
0919369624,800
0919693659,1300
0919424639,1200
0919639964,800
0919429536,1200
0919639942,600
0919155363,1300
0919595393,700
0919195539,900
0978959153,1200
0919653664,700
0978962453,1100
0919154553,800
0978953693,1000
0919699364,800
0978959953,2000
0978954453,1100
0978965153,1000
0919659453,600
0978963987,1600
0919364553,700
0919653955,1000
0978953644,1400
0919429364,700
0919266392,500
0919429361,500
0919369192,200
0893639261,600
0919655629,500
0919429362,600
0919369164,400
0919142244,500
0919396626,500
0978236992,500
0919194236,400
0919622666,700
0978236926,500
0978289422,600
0919396944,300
0978236661,400
0919196239,300
0919142299,400
0978236963,600
0919192399,400
0978282239,700
0978966622,400
0919192366,400
0978966222,1300
0978236662,300
0978962946,1100
0919366498,500
0978969391,400
0919394629,400
0978962698,300
0919266362,400
0978962692,300
0919266366,400
0978962926,500
0919396299,400
0919396391,500
0919192364,600
0919198236,600
0978236998,400
0919396642,700
0919396287,800
0919393926,400
0919396624,400
0919396429,600
0919262992,400
0919366393,600
0919396493,400
0978236944,500
0919263936,700
0919396442,500
0919396419,600
0893639649,1200
0919269393,1200
0893639366,900
0978969398,300
0919396291,300
0978962944,900
0919369892,700
0978962693,600
0919693626,700
0919266398,500
0978969396,300
0919656362,700
0978962919,400
0919366982,700
0919656292,500
0978956629,1000
0919656291,600
0978964629,900
0919396989,600
0978289622,600
0919198239,500
0978964222,800
0919393962,400
0978962998,300
0919396978,400
0978239392,400
0919363916,600
0919593692,500
0919366491,600
0919639629,600
0919593691,500
0919366963,600
0919693646,600
0919659361,700
0919396394,500
0919369629,600
0919369193,300
0919396398,300
0919426293,600
0919366629,500
0919396393,500
0893639194,900
0919593629,400
0919369893,400
0919596292,300
0919639641,500
0893639163,500
0893639244,600
0919596293,400
0919596291,500
0919639596,600
0919262966,300
0919656293,500
0978956929,500
0919262964,500
0978236929,400
0978965629,900
0893639398,400
0978963629,600
0919262978,300
0893999229,700
0978969222,700
0919396414,500
0919396562,700
0919393928,200
0919594195,1000
0919592615,900
0919265941,900
0919636536,1200
0919592956,2900
0919261954,900
0919639615,1600
0919495424,1000
0919594959,1900
0919592951,800
0919392645,600
0919636391,600
0919596165,1600
0919594951,1100
0919655963,800
0919495642,800
0919394145,1200
0919492651,700
0893694914,800
0919639242,1100
0919424954,1000
0919396659,1100
0919636642,900
0919594639,1000
0919426154,1000
0919429451,1100
0919264615,1000
0919392654,800
0919261451,800
0919394951,700
0919599265,2300
0919429654,1400
0919636156,3000
0919592665,1600
0919397965,800
0919262954,800
0978966539,800
0919693663,600
0919496995,600
0919261945,1000
0919598782,800
0919636639,1000
0919598245,1600
0919499395,400
0919369651,1100
0919636392,400
0919369654,1500
0919653614,800
0919694936,500
0919592824,700
0919598295,1000
0919394695,900
0919636424,2100
0919269455,600
0919394165,800
0919594536,1200
0919394654,700
0919265914,1300
0919656624,900
0919495515,1400
0919269295,700
0919636394,700
0919596391,700
0919495514,700
0919636393,500
0919636636,1200
0919269454,800
0919429659,2300
0919492654,1000
0919426245,2300
0919492415,1400
0919495451,1100
0919594695,1100
0919495459,1400
0919426956,3300
0919641965,2300
0919429656,4400
0919428941,1500
0919398959,700
0919596424,1000
0919426695,1900
0919266954,1800
0919495464,800
0919495141,500
0919429565,4400
0919491495,600
0919399245,1300
0919594155,700
0919429265,1500
0919426455,2300
0919369964,800
0919636644,400
0919426495,1500
0919394965,1500
0919639364,1000
0919429655,1600
0919492665,1200
0919369464,700
0893693615,2400
0919426954,1400
0919369395,1000
0919636446,500
0919594636,1100
0919429695,1200
0919593655,1200
0919596499,800
0919263914,900
0919496945,900
0919426145,1200
0919361455,1000
0919592945,900
0919495636,1200
0919429645,1000
0919366464,800
0919398954,600
0919498965,1600
0919598299,1000
0919429454,700
0919496915,800
0919594965,1400
0919594415,1100
0919596289,1400
0919426156,1600
0919426465,5100
0919369459,2500
0919424195,2100
0919594651,1400
0919659295,1300
0919426454,1600
0919651536,3300
0919428942,1500
0919491459,1400
0919593956,3600
0919429455,800
0919496415,900
0919594956,1300
0919429651,2400
0919261695,600
0919429665,1800
0919498915,800
0919592891,1000
0919594199,900
0919194536,900
0893653982,800
0919269614,400
0919391495,700
0919656539,1200
0919399295,1000
0919428246,1100
0919659242,700
0919424945,1000
0919261455,800
0919428264,900
0919639987,600
0919392655,700
0919596445,1000
0919593924,700
0919594466,1000
0919395695,1800
0919392945,700
0893639464,800
0919598265,3300
0919598936,2200
0919596156,1700
0919266295,800
0919391545,1500
0919496195,500
0919264459,1000
0919639966,500
0919596636,1400
0919592955,1100
0979169945,700
0919361554,1100
0979164455,1000
0979169651,800
0919269154,1400
0919546699,900
0893594446,500
0893539993,500
0893594946,600
0979166695,500
0893595939,400
0893696615,900
0893544244,300
0893595353,600
0919269151,700
0979169695,400
0919392419,400
0893593993,400
0919392491,400
0919264691,400
0919351661,400
0979169645,600
0919269519,1400
0893591666,700
0893544453,400
0919269292,500
0919153593,600
0893594429,500
0893546693,300
0919392663,400
0919359287,400
0919362491,500
0893516996,300
0893635396,300
0893663598,400
0919361441,400
0919394419,400
0893595991,500
0893594194,600
0919264693,400
0893635969,500
0919392982,500
0893594442,500
0979166645,600
0893635596,400
0893593987,500
0893594994,400
0893696646,400
0919269945,1100
0979169659,700
0893596453,500
0919359669,300
0893559964,400
0919394287,500
0893599696,600
0919361541,1000
0893594663,500
0979166659,600
0893559442,500
0919392664,600
0919361919,1300
0979169656,900
0893594598,300
0893555953,300
0893935493,400
0893599153,400
0919354298,400
0893592993,300
0893935598,300
0919351593,500
0893595498,400
0893596287,500
0919355398,400
0919353993,400
0893596498,300
0893598228,200
0893635496,400
0893596142,500
0893594449,400
0919392919,400
0893935987,500
0893993598,300
0893591494,400
0893555944,300
0893635398,300
0919153596,300
0893635698,400
0893559446,500
0919394598,300
0919653596,400
0893566996,300
0919153598,300
0919394298,300
0893592453,600
0893594294,400
0893591593,500
0919392694,300
0893594191,500
0893594163,500
0919392829,400
0919392693,400
0893559287,500
0893566498,300
0893591491,300
0919392698,300
0893635369,300
0919392493,300
0893596993,300
0893595398,300
0893594941,400
0893595698,400
0893596693,300
0919593516,200
0919394626,300
0919355993,300
0893549164,400
0893565998,300
0919354293,500
0919355592,300
0893597979,700
0919394593,300
0893596987,1000
0893599287,600
0893594424,900
0919353669,600
0893539393,500
0919351978,500
0893599592,300
0893555693,400
0979169655,600
0919359993,600
0893544287,500
0893595993,200
0919269191,800
0893594698,300
0893594441,400
0919392428,300
0893549644,300
0893599398,300
0919355593,400
0919392498,300
0919653569,400
0893539992,300
0919392628,300
0893544429,500
0919354493,300
0893565498,400
0919359598,400
0919394293,400
0919394493,200
0893599163,400
0893599229,400
0893693598,500
0919353593,400
0893559878,500
0893549393,500
0893566398,500
0893539164,300
0893935998,300
0893569398,300
0893935498,300
0919394498,300
0893935698,400
0893599198,400
0893563698,400
0919394428,300
0893935398,400
0893596598,300
0919355496,400
0919363598,300
0893594293,500
0919653598,500
0893592987,400
0893539669,1000
0893554963,500
0919354987,700
0919636945,700
0919636663,1100
0919641441,400
0919596459,1200
0919636669,1300
0919594645,800
0919639945,1500
0919641414,700
0919596495,900
0919636699,500
0919639495,1500
0919496699,600
0919639363,600
0919639449,500
0919595498,300
0919636994,500
0919639397,300
0919496998,400
0919639292,400
0919639398,300
0919636364,600
0919497997,400
0919636996,1000
0919636978,300
0919639494,1200
0919641551,1800
0919636998,300
0919639444,800
0919636361,600
0919597991,400
0919639454,2100
0919592626,600
0919639997,400
0919641444,1800
0919636593,1300
0919636597,800
0919597965,800
0919636969,1800
0919499964,800
0919636993,700
0919636929,600
0919497978,400
0919636591,800
0919636664,700
0919636161,600
0919636997,300
0919591593,500
0919636987,600
0919495441,500
0919595697,400
0919592894,1100
0919639698,400
0919496369,400
0919644654,1000
0919496966,1300
0919591592,600
0919639993,700
0919494298,400
0919494492,400
0919639798,300
0919496963,500
0919499879,700
0919494619,300
0919595429,1000
0919495966,400
0919645445,900
0919498924,500
0919595641,1100
0919646662,500
0919645987,700
0919639655,1800
0919592928,400
0919644646,1600
0919639669,1000
0919644499,1700
0919639393,700
0919645551,900
0919646161,300
0919496364,600
0919592444,1000
0919598929,400
0919498282,600
0919646665,1500
0919599795,900
0919642828,700
0919592924,600
0919596496,300
0919494142,500
0919399424,600
0919599651,2600
0919649494,1200
0919595497,300
0919596161,300
0919492929,900
0919399498,200
0919639665,3900
0919644141,600
0919636263,700
0919394466,600
0919494192,300
0919399828,300
0919598955,1100
0919599469,300
0919496262,400
0919498926,500
0893692442,900
0919399419,500
0919596451,1300
0919598928,400
0919596661,300
0919496962,300
0919494244,400
0919399798,300
0919599289,1600
0919495566,1200
0919597828,500
0893699393,1100
0893656691,900
0919395544,500
0919649559,800
0893659561,1100
0893656944,1100
0919649393,300
0919424287,600
0919394499,400
0919494295,700
0919599449,600
0919598282,600
0919494261,400
0919491414,2700
0919499892,400
0919596591,1600
0919599598,1500
0919636261,400
0919649444,1700
0919424624,1400
0919496161,500
0919644554,900
0919599593,700
0919649797,300
0919494419,400
0919424293,500
0919399941,400
0919639878,900
0919424664,900
0919598982,400
0919649666,2100
0919494497,200
0919399982,400
0919596639,600
0919155946,1000
0893699561,1300
0919649449,700
0919492924,500
0919394944,200
0919494561,600
0919499299,500
0919649191,600
0919592926,500
0919639992,500
0919494146,300
0919642929,900
0893693993,1000
0919495649,900
0919496662,400
0919591661,300
0919498982,500
0919644455,1000
0919646663,800
0919154964,800
0919642666,1000
0919592828,600
0919494145,1100
0919594499,1200
0919639996,1200
0919495691,500
0919496964,300
0919649292,600
0919641616,300
0919639979,300
0919642444,800
0919599892,500
0919494461,200
0919646699,1200
0919494191,400
0919597829,1500
0919636262,1500
0919646664,1800
0919649669,1000
0919494194,1200
0919496961,300
0919595996,500
0919639828,600
0919641666,500
0919646446,800
0919595416,400
0919494193,200
0919596369,400
0919595694,500
0919644664,900
0919496663,300
0919494616,300
0919646661,300
0919645995,1400
0919496661,300
0919596262,600
0919649696,1500
0919395445,700
0919299354,800
0978782245,1200
0919159636,1000
0919354644,600
0893596295,1200
0978963964,700
0919294615,700
0919294599,600
0919394646,2000
0919263695,1300
0919546289,1200
0893654949,1600
0919264954,1000
0979166956,1000
0919642915,2000
0978791462,900
0979166365,1600
0919594246,900
0919424442,700
0919194561,1000
0919491991,900
0979166995,600
0893695544,600
0893636914,900
0893696664,800
0919151499,700
0919496659,600
0979166954,700
0919369393,500
0893698987,800
0919369991,600
0919196446,1000
0919292495,800
0979166455,500
0919369191,800
0919394554,700
0919656391,1000
0893696446,1000
0919294636,500
0979166451,600
0893659494,1100
0893594536,500
0919399445,600
0893532899,1000
0919296359,1100
0979166265,1000
0919396464,1800
0919266355,1400
0919535455,800
0919294451,600
0979166465,1800
0978964141,900
0893663265,1600
0893636416,700
0979166165,800
0893651929,900
0893694994,500
0919429666,900
0919599946,800
0979166145,400
0893699987,1200
0893544295,1100
0893659292,1100
0919191655,900
0919296351,900
0979166245,1000
0919293295,600
0893692929,500
0919455354,1100
0978951441,1000
0919196455,700
0979166951,500
0919391551,600
0919159393,400
0919294459,800
0893691991,600
0919494514,600
0979166495,1000
0893699944,700
0919294559,800
0919396564,1100
0919399519,800
0919369655,1100
0979169145,900
0919366951,1200
0919494515,2400
0919636564,1600
0919264639,900
0919264154,1700
0893651616,800
0893636491,1000
0919196646,700
0919599499,1100
0919369444,700
0893692898,800
0979166195,400
0919453542,800
0893694499,500
0919159499,700
0919396514,1000
0893636941,1000
0919159449,600
0893692626,1300
0979166945,900
0919294695,1100
0979166445,800
0919266695,600
0919294514,900
0893544695,1100
0979166959,600
0919296354,1000
0979166415,600
0919424455,800
0893659449,1000
0979166955,500
0919293695,1000
0919495445,900
0919594451,1000
0919296289,1600
0919194551,700
0919397878,900
0919495695,1000
0919266354,1300
0919492915,800
0919324515,1100
0979166424,500
0919293989,600
0919392442,600
0893698951,1000
0919293595,800
0919394455,1000
0893699449,900
0893691551,1500
0919624699,900
0919369987,700
0893654544,700
0979166915,600
0919615964,600
0919399964,600
0919324945,700
0893636642,800
0919154699,900
0893699494,800
0919194699,500
0919294245,1600
0893699191,2500
0919594994,900
0978955191,1500
0979166459,1000
0893654994,1100
0979166156,900
0919424141,800
0919295154,1400
0919496654,700
0919655914,600
0919199554,1000
0919491945,1500
0919366662,900
0919395151,2500
0979166965,900
0893532895,1200
0979166946,400
0979169899,400
0919194544,700
0919154994,700
0978961414,900
0919369449,600
0893639992,600
0979166499,400
0919396664,400
0919264699,1000
0978966262,2100
0979166154,400
0893699444,1500
0919424499,900
0919651441,800
0893693663,1100
0893696262,1500
0919364499,900
0979166454,600
0893694949,800
0919491551,800
0919399551,800
0919294145,1000
0893659944,700
0919392915,600
0919296355,800
0919391951,700
0919196639,700
0919293545,900
0919369494,800
0919453546,700
0919264695,2300
0919293515,1200
0919263645,3500
0919599451,900
0905428915,2600
0905366395,2300
0905365951,900
0905363654,1200
0905365695,1200
0905362665,1400
0905364265,2800
0905355954,800
0905365159,1000
0905364195,1500
0905362956,2200
0905364956,1800
0905365456,2500
0905363565,2500
0905355159,700
0905365195,1800
0905356359,900
0905359965,900
0905364514,700
0905354595,500
0905363915,1900
0905353659,600
0905328995,1200
0905369156,2200
0905356515,800
0905459565,1600
0905365954,800
0905363656,1300
0905356395,2100
0905356365,1900
0905353956,1100
0905363995,1200
0905464265,1700
0905328965,1700
0905355945,500
0905463595,1100
0905362415,2600
0905456559,1300
0905369456,2400
0905369465,1500
0905466359,1100
0905356265,900
0905423656,1800
0905364245,1100
0905351965,1200
0905363556,1200
0905356465,1600
0905356545,900
0905328954,2200
0905361456,1700
0905356595,800
0905354265,1200
0905369159,800
0905355156,1000
0905365659,1300
0905415365,1600
0905364595,1100
0905362656,1300
0905466395,1900
0905365465,3200
0905359565,1300
0905353656,1500
0905365965,1300
0905354456,2300
0905366595,1400
0905354656,2400
0905355356,1100
0905355495,600
0905356456,2300
0905354965,1100
0905365395,1400
0905464565,2800
0905369656,1000
0905355659,800
0905369956,1600
0905353965,900
0905354295,600
0905464695,700
0905361565,1600
0905363595,900
0905361956,1300
0905356354,1200
0905353665,1000
0905456351,1500
0905466356,2400
0905145356,900
0905355365,1100
0905369565,1500
0905365956,2000
0905355456,2000
0905356965,1000
0905353945,400
0905362365,1600
0905369359,500
0905366354,900
0905469356,1100
0905354465,1900
0905354659,1600
0905354556,1500
0905364659,1800
0905141451,900
0905459356,2000
0905365359,500
0905149495,700
0905362356,900
0905356495,500
0905144515,700
0905454995,700
0905361965,1200
0905356659,800
0905366265,1300
0905423659,1100
0905354665,800
0905365945,1500
0905359956,1000
0905355415,500
0905364965,1200
0905359365,1500
0905355465,1000
0905366459,1200
0905364495,800
0905364165,1800
0905145495,900
0905423265,1000
0905141595,700
0905354956,1600
0905356459,1100
0905463665,1800
0905355654,700
0905369356,1500
0905369545,1200
0905353565,1100
0905145359,800
0905369165,1200
0905354459,600
0905353265,900
0905353695,600
0905355965,800
0905369395,600
0905363265,1000
0905355695,500
0905369965,900
0905364959,700
0905429365,1500
0893692987,600
0919395966,400
0919429591,500
0893655493,700
0919394987,500
0893639962,600
0978236994,400
0919642323,400
0919424919,700
0919266946,500
0919399362,500
0893654998,600
0919269561,400
0919263944,500
0919392893,700
0919269966,400
0919422228,600
0919366463,600
0919364287,600
0919266262,400
0919429639,900
0919391546,800
0893549191,800
0919429546,700
0919492498,500
0979163969,400
0919399594,400
0919369287,600
0919396963,500
0919398919,500
0919492429,500
0919366993,400
0919261946,500
0893654198,500
0979163993,200
0919266494,300
0893654292,700
0919361646,600
0919394264,500
0919495164,400
0893639929,600
0919264596,500
0893693987,500
0893656397,600
0919269142,400
0919364942,500
0893554287,900
0919269598,400
0919396962,600
0919266369,400
0919396993,300
0919492989,400
0893639949,800
0978236962,400
0919263996,400
0919426693,400
0919424641,700
0919399287,400
0919424987,700
0919266942,400
0919364962,500
0919492896,500
0919261639,600
0919495146,700
0919264287,500
0919426996,700
0893699664,700
0919494239,300
0919628222,200
0919264466,600
0893549442,500
0919192226,300
0893639694,700
0919262491,500
0919642266,400
0919495429,500
0893546287,500
0893999422,400
0919424644,500
0919395939,700
0893696226,500
0978953923,400
0893692691,400
0978282922,300
0893992229,300
0919266991,300
0919399662,400
0919269926,300
0978282293,600
0919269263,300
0919394939,500
0919264593,500
0919266226,300
0919493993,400
0919264192,400
0919394642,400
0919696226,300
0919263994,600
0919398939,700
0919492649,300
0978287922,400
0919392898,600
0919362493,500
0919491446,400
0919622228,500
0919492419,600
0919429878,300
0919429699,500
0978962969,900
0919426426,900
0919622223,500
0893639397,300
0919429636,800
0893999622,300
0919426639,900
0893692994,500
0978282296,300
0919426499,600
0893699241,1400
0919646622,300
0919366298,400
0919492992,400
0893936222,400
0919596296,500
0893695493,400
0893666223,300
0893996226,300
0919264963,600
0919395944,400
0919593696,500
0893992226,300
0919391494,300
0919398993,400
0919364693,400
0919264422,300
0893592493,400
0919424144,500
0919369493,300
0893542236,400
0919269193,300
0893639661,600
0919395462,400
0893592287,400
0919397829,600
0919494236,500
0919429594,500
0919428922,400
0919266593,800
0919266424,700
0893639626,700
0978956296,400
0893699619,600
0919269282,300
0918966298,600
0979163669,500
0919422323,300
0978289322,400
0919691636,400
0919269962,300
0978966296,200
0979163644,200
0978953222,400
0919262244,400
0919429669,800
0919265493,500
0919364469,600
0979162991,200
0919366622,300
0893992263,300
0919265629,600
0919364191,700
0919192362,400
0979162979,200
0919422229,700
0919156223,200
0919192236,300
0919495416,300
0919392993,300
0893639698,500
0919154226,500
0919269593,300
0919395492,300
0893655498,900
0919639822,400
0919429249,800
0919429662,300
0919362696,300
0893936622,400
0893592323,500
0919396693,300
0893559963,700
0919262299,400
0919395593,400
0919393232,400
0893635996,300
0919422226,600
0893542987,800
0919429596,400
0919269782,900
0919366287,600
0893992297,200
0919395493,400
0919269229,300
0979165629,300
0919262224,300
0919365492,600
0919692323,500
0919261649,200
0919396293,300
0919262297,200
0919142266,400
0919364598,1400
0978969623,300
0919426698,800
0978963222,700
0893998226,300
0979162994,300
0919362944,400
0919264516,600
0919398963,400
0919264622,300
0919198224,400
0979166294,400
0893639296,300
0919424963,500
0919394928,300
0978961629,300
0919644222,500
0893936229,300
0893659398,400
0919366293,300
0919426296,300
0893694422,300
0893939228,200
0919395429,600
0893698224,600
0919261424,600
0893656498,500
0978966293,500
0893666224,600
0919393694,400
0919266299,500
0893592363,400
0919146622,300
0893699461,500
0893696426,500
0893639294,600
0893998228,300
0978962369,300
0919396461,300
0919428244,400
0978282322,300
0919261441,400
0919423696,200
0919399593,400
0978953622,300
0893592494,800
0919265492,900
0919429414,400
0919269899,1000
0919492662,300
0919693232,400
0979169396,200
0893992282,200
0919192296,200
0893566698,400
0919593697,300
0893998224,300
0919149922,500
0893694298,300
0893639916,700
0919263993,1000
0919262295,600
0919596297,300
0919159422,300
0893559669,400
0919266298,200
0893656697,400
0919598922,300
0919154423,300
0919429464,300
0919395494,300
0919493998,200
0979163997,100
0919192241,200
0919629222,800
0919265469,800
0919399426,600
0893692698,300
0919153623,200
0893996224,300
0919363622,200
0919262229,400
0919366222,400
0919394491,300
0893692692,300
0919266992,200
0919426944,400
0919197822,200
0919154229,400
0919399492,300
0979163963,500
0919396498,200
0893565592,1000
0919192239,200
0919192224,200
0919423692,300
0919493694,400
0979163664,400
0919392369,200
0893695698,500
0919493969,300
0919493961,300
0919429944,600
0893698222,400
0919196226,600
0919369466,300
0919369897,400
0979169392,200
0919269164,300
0893696228,300
0919154223,300
0919429644,400
0919393697,300
0979169361,300
0919399394,500
0919422929,400
0919151422,300
0893592498,400
0893693928,400
0919398936,400
0893691644,400
0919264922,200
0919192264,300
0919429549,500
0919264498,400
0919394936,500
0919261629,500
0919393622,200
0919262291,200
0919429266,300
0919369429,500
0919396928,400
0919429693,400
0919264226,500
0919142224,400
0919626222,600
0919497936,300
0893694291,800
0919361941,400
0893651619,500
0919696294,600
0919266397,400
0979166394,600
0919429614,700
0978962997,500
0919369896,300
0919429694,300
0919262996,500
0919264692,300
0919426164,400
0919362926,500
0919266293,200
0919266492,300
0919699923,300
0893939226,300
0919264619,300
0919394926,300
0919636296,400
0919266141,200
0919396269,300
0919369162,400
0919369198,500
0919269624,500
0919639296,300
0919269544,500
0919593669,600
0978966292,900
0919396296,300
0919493661,300
0979169398,200
0893656628,500
0919493696,400
0978962916,400
0919496294,200
0919393628,500
0979166292,200
0919393693,400
0978969397,400
0919396198,300
0919369163,400
0919396497,200
0979163628,300
0893639293,400
0978969369,600
0919262979,300
0919393916,300
0919364628,400
0979169363,400
0919369263,400
0919269928,400
0919693697,400
0919396193,200
0919369628,300
0979163616,200
0893694494,300
0919693619,300
0919693649,600
0919396428,300
0919369793,300
0979162926,200
0979169362,300
0919261642,200
0919399923,200
0919361491,400
0919399626,400
0919369282,400
0979162942,300
0919369498,200
0919492369,200
0919398262,300
0893692998,300
0919396496,300
0979162989,400
0919369416,300
0919426141,500
0919391428,300
0919192398,300
0919262498,300
0893654698,600
0919361619,400
0919426193,400
0919391469,400
0919261924,400
0919269461,300
0919639597,400
0893695498,500
0978236997,400
0919192369,200
0919262428,400
0919693661,300
0919597936,400
0893654496,600
0919398978,500
0919261982,500
0919492941,400
0919395926,400
0919429593,500
0919269428,300
0919366493,300
0919261426,500
0893999226,400
0979166362,300
0919366397,400
0893694198,400
0919364641,600
0919269493,200
0919365922,400
0979166299,300
0919395598,200
0919491661,200
0919424694,400
0919493949,400
0893992262,300
0979163649,400
0919399664,600
0919269629,600
0919362928,500
0919429149,400
0893994228,300
0979166297,300
0919362693,300
0919263949,500
0919264282,700
0919391496,200
0919398222,400
0919162228,200
0893659193,800
0919263962,500
0893694928,300
0893692961,400
0978282269,300
0919498222,400
0893636922,300
0919159228,300
0919393923,300
0919365928,400
0919646296,200
0978236923,300
0919154922,300
0919266222,400
0919362698,200
0919397936,300
0978966297,300
0893639928,300
0978236922,200
0978282297,400
0919366961,200
0893592619,300
0919365628,500
0893591598,500
0919142223,100
0919499222,400
0919396162,400
0978966291,400
0919391629,300
0919366296,400
0978282622,200
0893698228,400
0919399398,300
0893639162,400
0893592614,500
0919396397,300
0893592236,300
0919264222,400
0893639169,400
0919369428,500
0919491461,300
0919264996,300
0919398798,700
0893651661,600
0919399293,200
0919422223,400
0893699822,200
0919391493,200
0919424614,400
0919394963,400
0979164693,100
0919399628,200
0893939422,200
0893992296,200
0919426963,800
0919491493,200
0919395426,500
0919362428,600
0893995622,200
0919159922,300
0919424594,600
0919396698,200
0919266416,300
0919391498,200
0919266622,400
0919156229,300
0919369592,400
0919424498,200
0919261641,300
0919391928,300
0893992224,400
0919162299,300
0893654498,800
0919398293,300
0919262414,700
0919394628,300
0893916222,400
0919156922,300
0919192228,400
0919369222,400
0893994229,300
0893691629,400
0893696498,300
0919424998,300
0919192263,300
0893636229,400
0919649222,300
0919159423,400
0919639794,300
0919192361,300
0893994226,300
0919162266,300
0919142228,400
0979169364,600
0919395428,300
0979166398,300
0893699922,400
0978282261,500
0919199224,400
0919369298,400
0919159822,300
0978956297,500
0919396222,300
0919262226,300
0893699224,400
0919697936,400
0919191423,600
0919366428,400
0919592226,300
0919364222,400
0919693629,600
0919159823,400
0979163966,400
0979163642,500
0919262998,300
0893654428,400
0919261693,200
0919394914,200
0893992422,200
0978236622,200
0893696493,500
0919396628,200
0919269896,200
0893999223,200
0919698222,300
0919192293,300
0919269569,500
0919361419,300
0919395962,300
0919392662,400
0919494224,800
0919156228,300
0919492897,500
0919399893,300
0893639961,600
0919399428,200
0893992922,200
0919191622,100
0893556996,500
0919424993,400
0919361691,400
0919396362,400
0893996228,200
0919155422,200
0919428796,500
0919361614,400
0919394693,200
0919399149,300
0893996222,500
0919192229,600
0893936228,200
0893996229,200
0919399922,300
0919199823,300
0919396163,200
0919396998,300
0893694222,500
0919159229,300
0893697822,500
0919394998,200
0979163914,300
0919395691,400
0919422369,200
0893999228,300
0893993622,200
0893639497,400
0919153923,400
0919636923,200
0978969622,200
0893939922,300
0919269228,200
0919369791,400
0979166392,300
0919426428,500
0893997822,300
0919496222,400
0893999822,200
0919155923,300
0919192396,100
0979166396,300
0919199822,200
0893669222,400
0893998222,400
0979166364,500
0979166936,500
0979163991,300
0919266419,500
0919264993,200
0919266928,200
0919394463,400
0919269222,700
0919196422,200
0893555446,500
0919264592,300
0919399493,200
0919266292,300
0919646222,900
0919159622,300
0893539987,300
0919394193,200
0919266944,300
0893936226,400
0919639222,400
0919194622,200
0919429663,400
0919266428,300
0919392897,400
0919394993,400
0919264228,200
0919199622,200
0919266963,300
0919264628,200
0919429269,400
0919269192,300
0893939822,200
0919193622,200
0893592416,400
0893554693,300
0919492694,200
0893539592,400
0893994622,200
0893694698,300
0919398922,200
0919192298,300
0919636222,400
0893914222,400
0919266922,300
0919194223,200
0919492922,200
0919196229,300
0893694622,300
0919262261,200
0919265628,500
0893695622,300
0919422297,300
0919392922,200
0919266229,400
0919162226,300
0893694498,200
0893697922,300
0919194922,200
0919192294,200
0919269622,300
0893696224,400
0893699628,300
0919192291,300
0919393922,200
0919192822,200
0919262269,300
0919169922,200
0893666922,300
0893694428,300
0893699698,200
0919166622,400
0919596222,600
0893664222,700
0893696222,300
0893694598,400
0919493232,300
0919492323,300
0979166397,200
0893992228,200
0919592922,200
0978966623,200
0919194623,200
0979166393,200
0919399222,400
0919266224,300
0919153622,200
0893639198,300
0919423694,400
0893919222,400
0979163962,300
0919499922,300
0893992822,200
0893639192,500
0919262266,300
0919392228,200
0979163964,600
0893992294,200
0919265622,300
0919549222,400
0919493616,300
0919156623,400
0919266228,200
0892926422,200
0919159226,300
0919266396,500
0919392826,400
0919698923,100
0979163926,400
0893995422,300
0919192622,200
0893939224,300
0893993922,200
0919262293,200
0919192823,200
0919395928,300
0919493628,400
0919159223,200
0893992298,200
0893698922,300
0919151623,200
0919598923,200
0919261692,400
0893936922,300
0893992269,200
0893695922,300
0919426628,400
0919696923,300
0919366928,300
0919151922,200
0893936224,300
0893992293,200
0919198923,200
0919616222,400
0919394198,400
0893998229,300
0919191422,400
0893939622,200
0919154923,300
0979163928,300
0919398298,300
0919624222,600
0979164222,500
0893996922,200
0919429698,300
0919362628,500
0919269628,300
0919692369,400
0919423232,400
0919155423,300
0919398923,300
0919429222,400
0919154622,400
0893639428,400
0919192397,100
0919393623,300
0979163949,400
0893699422,300
0919192223,200
0919262369,300
0919632323,400
0919199423,300
0919639793,400
0919394222,400
0893636228,400
0919192393,300
0979163989,400
0919392923,300
0978239397,200
0919619222,300
0893699226,400
0893639597,400
0979163996,400
0919159623,400
0893639161,300
0893696622,400
0919262228,300
0919269246,600
0979166391,400
0919159923,200
0919191623,300
0919694222,500
0893997922,200
0979166298,200
0919399298,400
0919399698,300
0919394698,200
0979166293,200
0979166291,300
0919498923,200
0919396197,100
0919491498,200
0919364428,400
0919196623,300
0919153922,200
0919361961,400
0979163629,200
0979166296,200
0893998922,300
0919396297,200
0919692923,200
0979166623,200
0919369794,300
0979169391,300
0979166361,200
0979169693,200
0919639792,400
0919426298,400
0979164629,300
0979162992,300
0919262961,400
0893699622,300
0919639628,300
0979163626,300
0919195923,200
0979163646,400
0979162962,300
0979163961,300
0893639197,300
0919493619,600
0978236979,400
0893666422,400
0919192923,300
0893694922,300
0893696922,300
0919639297,300
0893699228,200
0893698226,200
0893999823,300
0919162223,200
0919196423,200
0893699222,800
0893939223,100
0893666228,300
0919639823,300
0979161623,100
0893692224,500
0979163941,400
0919614222,500
0893639228,200
0978236949,400
0919197823,300
0893694226,300
0893936223,100
0893992291,200
0979163998,200
0919396916,200
0979169397,200
0979169629,300
0893994922,300
0893992292,300
0919639697,300
0979166939,300
0919396298,300
0919393698,300
0893994222,500
0979163944,300
0979163919,500
0979169394,200
0919169222,500
0976989265,1000
0976987959,800
0919659889,800
0976953945,1200
0976987965,700
0976989395,400
0893669889,700
0919539155,900
0919459889,500
0976954945,400
0976989556,900
0976989665,1000
0919428889,1000
0919645989,600
0919639889,600
0976954495,300
0976982965,1200
0919649889,400
0919566287,400
0919429889,500
0976953651,1100
0919149889,500
0976954965,1100
0919569889,700
0976989459,700
0919549889,400
0976951945,1000
0893569889,800
